step_order,phase,action,preflight_executes_step,future_writer_step_required,exit_on_failure
1,review_inputs,load reviewed SENCOA/SENCOB payload rows,False,True,True
2,identity_binding,"bind port, label, analyzer_device_id, sn_code, and algorithm profile",False,True,True
3,old_snapshot,read and archive GETCOA/GETCOB before any write,False,True,True
4,mode_and_pacing,enter MODE2 and enforce command gap >=1s,False,True,True
5,write_sencoa,"write SENCOA payload, then read GETCOA until reviewed payload matches",False,True,True
6,write_sencob,"write SENCOB payload, then read GETCOB until reviewed payload matches",False,True,True
7,rollback,"on failure, restore changed groups from old snapshot in reverse_changed_order",False,True,True
8,post_write_evidence,"archive readback, old snapshot, operator confirmation, reviewer and approver",False,True,True
9,independent_reverification,run separate CO2/H2O no-write reverification before production acceptance,False,True,True
