point_id,component,temp_c,source_nominal_ppm,co2_group,sample_role,fit_eligible,verification_eligible,zero_gas_required,standard_role,certificate_required,pressure_mode,target_pressure_hpa,pressure_reference_required,pressure_channel_precheck_required,legacy_pressure_targets_excluded_hpa,purge_s,sample_count,analyzer_acquisition,runner,runner_args,physical_meaning,profile_id,algorithm_mode,route_index,temperature_segment,segment_order_index,point_role,historical_missing_point_semantics,source_point_key,do_not_modify_mature_runner,runner_integration_status,queue_source_contract
co2_T-20_0ppm_ambient,co2,-20.0,0.0,A,fit,True,False,True,zero_air,True,ambient_open,,True,True,"1100,800,550",360.0,10,active_stream_1hz,run_v1_5_formal_open_flow_sampling,--temp -20 --co2-source-ppm 0 --co2-group A --purge-s 360 --sample-count 10 --analyzer-acquisition active_stream_1hz,"Open-flow CO2 formal runlist preview: standard gas continuously refreshes the analyzer cells; pressure is evidence after independent pressure-channel verification, not a sealed pressure fitting target.",absorption_ratio_shadow,absorption_ratio_A,1,-20C,1,profile_base_formal_point,base_profile_formal_point,-20/0,True,profile_generated_mature_queue_input,generated_from_reviewed_profile_only
co2_T-20_400ppm_ambient,co2,-20.0,400.0,A,fit,True,False,False,co2_standard_gas,True,ambient_open,,True,True,"1100,800,550",360.0,10,active_stream_1hz,run_v1_5_formal_open_flow_sampling,--temp -20 --co2-source-ppm 400 --co2-group A --purge-s 360 --sample-count 10 --analyzer-acquisition active_stream_1hz,"Open-flow CO2 formal runlist preview: standard gas continuously refreshes the analyzer cells; pressure is evidence after independent pressure-channel verification, not a sealed pressure fitting target.",absorption_ratio_shadow,absorption_ratio_A,2,-20C,2,profile_base_formal_point,base_profile_formal_point,-20/400,True,profile_generated_mature_queue_input,generated_from_reviewed_profile_only
co2_T-20_600ppm_ambient,co2,-20.0,600.0,A,fit,True,False,False,co2_standard_gas,True,ambient_open,,True,True,"1100,800,550",360.0,10,active_stream_1hz,run_v1_5_formal_open_flow_sampling,--temp -20 --co2-source-ppm 600 --co2-group A --purge-s 360 --sample-count 10 --analyzer-acquisition active_stream_1hz,"Open-flow CO2 formal runlist preview: standard gas continuously refreshes the analyzer cells; pressure is evidence after independent pressure-channel verification, not a sealed pressure fitting target.",absorption_ratio_shadow,absorption_ratio_A,3,-20C,3,new_algorithm_required_supplemental_formal_point,formal_required_point_not_historical_resampling,-20/600,True,profile_generated_mature_queue_input,generated_from_reviewed_profile_only
co2_T-20_1000ppm_ambient,co2,-20.0,1000.0,A,fit,True,False,False,co2_standard_gas,True,ambient_open,,True,True,"1100,800,550",360.0,10,active_stream_1hz,run_v1_5_formal_open_flow_sampling,--temp -20 --co2-source-ppm 1000 --co2-group A --purge-s 360 --sample-count 10 --analyzer-acquisition active_stream_1hz,"Open-flow CO2 formal runlist preview: standard gas continuously refreshes the analyzer cells; pressure is evidence after independent pressure-channel verification, not a sealed pressure fitting target.",absorption_ratio_shadow,absorption_ratio_A,4,-20C,4,profile_base_formal_point,base_profile_formal_point,-20/1000,True,profile_generated_mature_queue_input,generated_from_reviewed_profile_only
co2_T-10_0ppm_ambient,co2,-10.0,0.0,A,fit,True,False,True,zero_air,True,ambient_open,,True,True,"1100,800,550",360.0,10,active_stream_1hz,run_v1_5_formal_open_flow_sampling,--temp -10 --co2-source-ppm 0 --co2-group A --purge-s 360 --sample-count 10 --analyzer-acquisition active_stream_1hz,"Open-flow CO2 formal runlist preview: standard gas continuously refreshes the analyzer cells; pressure is evidence after independent pressure-channel verification, not a sealed pressure fitting target.",absorption_ratio_shadow,absorption_ratio_A,5,-10C,1,profile_base_formal_point,base_profile_formal_point,-10/0,True,profile_generated_mature_queue_input,generated_from_reviewed_profile_only
co2_T-10_400ppm_ambient,co2,-10.0,400.0,A,fit,True,False,False,co2_standard_gas,True,ambient_open,,True,True,"1100,800,550",360.0,10,active_stream_1hz,run_v1_5_formal_open_flow_sampling,--temp -10 --co2-source-ppm 400 --co2-group A --purge-s 360 --sample-count 10 --analyzer-acquisition active_stream_1hz,"Open-flow CO2 formal runlist preview: standard gas continuously refreshes the analyzer cells; pressure is evidence after independent pressure-channel verification, not a sealed pressure fitting target.",absorption_ratio_shadow,absorption_ratio_A,6,-10C,2,profile_base_formal_point,base_profile_formal_point,-10/400,True,profile_generated_mature_queue_input,generated_from_reviewed_profile_only
co2_T-10_600ppm_ambient,co2,-10.0,600.0,A,fit,True,False,False,co2_standard_gas,True,ambient_open,,True,True,"1100,800,550",360.0,10,active_stream_1hz,run_v1_5_formal_open_flow_sampling,--temp -10 --co2-source-ppm 600 --co2-group A --purge-s 360 --sample-count 10 --analyzer-acquisition active_stream_1hz,"Open-flow CO2 formal runlist preview: standard gas continuously refreshes the analyzer cells; pressure is evidence after independent pressure-channel verification, not a sealed pressure fitting target.",absorption_ratio_shadow,absorption_ratio_A,7,-10C,3,new_algorithm_required_supplemental_formal_point,formal_required_point_not_historical_resampling,-10/600,True,profile_generated_mature_queue_input,generated_from_reviewed_profile_only
co2_T-10_1000ppm_ambient,co2,-10.0,1000.0,A,fit,True,False,False,co2_standard_gas,True,ambient_open,,True,True,"1100,800,550",360.0,10,active_stream_1hz,run_v1_5_formal_open_flow_sampling,--temp -10 --co2-source-ppm 1000 --co2-group A --purge-s 360 --sample-count 10 --analyzer-acquisition active_stream_1hz,"Open-flow CO2 formal runlist preview: standard gas continuously refreshes the analyzer cells; pressure is evidence after independent pressure-channel verification, not a sealed pressure fitting target.",absorption_ratio_shadow,absorption_ratio_A,8,-10C,4,profile_base_formal_point,base_profile_formal_point,-10/1000,True,profile_generated_mature_queue_input,generated_from_reviewed_profile_only
co2_T0_0ppm_ambient,co2,0.0,0.0,A,fit,True,False,True,zero_air,True,ambient_open,,True,True,"1100,800,500",360.0,10,active_stream_1hz,run_v1_5_formal_open_flow_sampling,--temp 0 --co2-source-ppm 0 --co2-group A --purge-s 360 --sample-count 10 --analyzer-acquisition active_stream_1hz,"Open-flow CO2 formal runlist preview: standard gas continuously refreshes the analyzer cells; pressure is evidence after independent pressure-channel verification, not a sealed pressure fitting target.",absorption_ratio_shadow,absorption_ratio_A,9,0C,1,profile_base_formal_point,base_profile_formal_point,0/0,True,profile_generated_mature_queue_input,generated_from_reviewed_profile_only
co2_T0_400ppm_ambient,co2,0.0,400.0,A,fit,True,False,False,co2_standard_gas,True,ambient_open,,True,True,"1100,800,500",360.0,10,active_stream_1hz,run_v1_5_formal_open_flow_sampling,--temp 0 --co2-source-ppm 400 --co2-group A --purge-s 360 --sample-count 10 --analyzer-acquisition active_stream_1hz,"Open-flow CO2 formal runlist preview: standard gas continuously refreshes the analyzer cells; pressure is evidence after independent pressure-channel verification, not a sealed pressure fitting target.",absorption_ratio_shadow,absorption_ratio_A,10,0C,2,profile_base_formal_point,base_profile_formal_point,0/400,True,profile_generated_mature_queue_input,generated_from_reviewed_profile_only
co2_T0_1000ppm_ambient,co2,0.0,1000.0,A,fit,True,False,False,co2_standard_gas,True,ambient_open,,True,True,"1100,800,500",360.0,10,active_stream_1hz,run_v1_5_formal_open_flow_sampling,--temp 0 --co2-source-ppm 1000 --co2-group A --purge-s 360 --sample-count 10 --analyzer-acquisition active_stream_1hz,"Open-flow CO2 formal runlist preview: standard gas continuously refreshes the analyzer cells; pressure is evidence after independent pressure-channel verification, not a sealed pressure fitting target.",absorption_ratio_shadow,absorption_ratio_A,11,0C,3,profile_base_formal_point,base_profile_formal_point,0/1000,True,profile_generated_mature_queue_input,generated_from_reviewed_profile_only
co2_T10_0ppm_ambient,co2,10.0,0.0,A,fit,True,False,True,zero_air,True,ambient_open,,True,True,"1100,1000,900,800,700,600,550",360.0,10,active_stream_1hz,run_v1_5_formal_open_flow_sampling,--temp 10 --co2-source-ppm 0 --co2-group A --purge-s 360 --sample-count 10 --analyzer-acquisition active_stream_1hz,"Open-flow CO2 formal runlist preview: standard gas continuously refreshes the analyzer cells; pressure is evidence after independent pressure-channel verification, not a sealed pressure fitting target.",absorption_ratio_shadow,absorption_ratio_A,12,10C,1,profile_base_formal_point,base_profile_formal_point,10/0,True,profile_generated_mature_queue_input,generated_from_reviewed_profile_only
co2_T10_100ppm_ambient,co2,10.0,100.0,B,fit,True,False,False,co2_standard_gas,True,ambient_open,,True,True,"1100,1000,900,800,700,600,550",360.0,10,active_stream_1hz,run_v1_5_formal_open_flow_sampling,--temp 10 --co2-source-ppm 100 --co2-group B --purge-s 360 --sample-count 10 --analyzer-acquisition active_stream_1hz,"Open-flow CO2 formal runlist preview: standard gas continuously refreshes the analyzer cells; pressure is evidence after independent pressure-channel verification, not a sealed pressure fitting target.",absorption_ratio_shadow,absorption_ratio_A,13,10C,2,profile_base_formal_point,base_profile_formal_point,10/100,True,profile_generated_mature_queue_input,generated_from_reviewed_profile_only
co2_T10_200ppm_ambient,co2,10.0,200.0,A,fit,True,False,False,co2_standard_gas,True,ambient_open,,True,True,"1100,1000,900,800,700,600,550",360.0,10,active_stream_1hz,run_v1_5_formal_open_flow_sampling,--temp 10 --co2-source-ppm 200 --co2-group A --purge-s 360 --sample-count 10 --analyzer-acquisition active_stream_1hz,"Open-flow CO2 formal runlist preview: standard gas continuously refreshes the analyzer cells; pressure is evidence after independent pressure-channel verification, not a sealed pressure fitting target.",absorption_ratio_shadow,absorption_ratio_A,14,10C,3,profile_base_formal_point,base_profile_formal_point,10/200,True,profile_generated_mature_queue_input,generated_from_reviewed_profile_only
co2_T10_300ppm_ambient,co2,10.0,300.0,B,fit,True,False,False,co2_standard_gas,True,ambient_open,,True,True,"1100,1000,900,800,700,600,550",360.0,10,active_stream_1hz,run_v1_5_formal_open_flow_sampling,--temp 10 --co2-source-ppm 300 --co2-group B --purge-s 360 --sample-count 10 --analyzer-acquisition active_stream_1hz,"Open-flow CO2 formal runlist preview: standard gas continuously refreshes the analyzer cells; pressure is evidence after independent pressure-channel verification, not a sealed pressure fitting target.",absorption_ratio_shadow,absorption_ratio_A,15,10C,4,profile_base_formal_point,base_profile_formal_point,10/300,True,profile_generated_mature_queue_input,generated_from_reviewed_profile_only
co2_T10_400ppm_ambient,co2,10.0,400.0,A,fit,True,False,False,co2_standard_gas,True,ambient_open,,True,True,"1100,1000,900,800,700,600,550",360.0,10,active_stream_1hz,run_v1_5_formal_open_flow_sampling,--temp 10 --co2-source-ppm 400 --co2-group A --purge-s 360 --sample-count 10 --analyzer-acquisition active_stream_1hz,"Open-flow CO2 formal runlist preview: standard gas continuously refreshes the analyzer cells; pressure is evidence after independent pressure-channel verification, not a sealed pressure fitting target.",absorption_ratio_shadow,absorption_ratio_A,16,10C,5,profile_base_formal_point,base_profile_formal_point,10/400,True,profile_generated_mature_queue_input,generated_from_reviewed_profile_only
co2_T10_500ppm_ambient,co2,10.0,500.0,B,fit,True,False,False,co2_standard_gas,True,ambient_open,,True,True,"1100,1000,900,800,700,600,550",360.0,10,active_stream_1hz,run_v1_5_formal_open_flow_sampling,--temp 10 --co2-source-ppm 500 --co2-group B --purge-s 360 --sample-count 10 --analyzer-acquisition active_stream_1hz,"Open-flow CO2 formal runlist preview: standard gas continuously refreshes the analyzer cells; pressure is evidence after independent pressure-channel verification, not a sealed pressure fitting target.",absorption_ratio_shadow,absorption_ratio_A,17,10C,6,profile_base_formal_point,base_profile_formal_point,10/500,True,profile_generated_mature_queue_input,generated_from_reviewed_profile_only
co2_T10_600ppm_ambient,co2,10.0,600.0,A,fit,True,False,False,co2_standard_gas,True,ambient_open,,True,True,"1100,1000,900,800,700,600,550",360.0,10,active_stream_1hz,run_v1_5_formal_open_flow_sampling,--temp 10 --co2-source-ppm 600 --co2-group A --purge-s 360 --sample-count 10 --analyzer-acquisition active_stream_1hz,"Open-flow CO2 formal runlist preview: standard gas continuously refreshes the analyzer cells; pressure is evidence after independent pressure-channel verification, not a sealed pressure fitting target.",absorption_ratio_shadow,absorption_ratio_A,18,10C,7,profile_base_formal_point,base_profile_formal_point,10/600,True,profile_generated_mature_queue_input,generated_from_reviewed_profile_only
co2_T10_700ppm_ambient,co2,10.0,700.0,B,fit,True,False,False,co2_standard_gas,True,ambient_open,,True,True,"1100,1000,900,800,700,600,550",360.0,10,active_stream_1hz,run_v1_5_formal_open_flow_sampling,--temp 10 --co2-source-ppm 700 --co2-group B --purge-s 360 --sample-count 10 --analyzer-acquisition active_stream_1hz,"Open-flow CO2 formal runlist preview: standard gas continuously refreshes the analyzer cells; pressure is evidence after independent pressure-channel verification, not a sealed pressure fitting target.",absorption_ratio_shadow,absorption_ratio_A,19,10C,8,profile_base_formal_point,base_profile_formal_point,10/700,True,profile_generated_mature_queue_input,generated_from_reviewed_profile_only
co2_T10_800ppm_ambient,co2,10.0,800.0,A,fit,True,False,False,co2_standard_gas,True,ambient_open,,True,True,"1100,1000,900,800,700,600,550",360.0,10,active_stream_1hz,run_v1_5_formal_open_flow_sampling,--temp 10 --co2-source-ppm 800 --co2-group A --purge-s 360 --sample-count 10 --analyzer-acquisition active_stream_1hz,"Open-flow CO2 formal runlist preview: standard gas continuously refreshes the analyzer cells; pressure is evidence after independent pressure-channel verification, not a sealed pressure fitting target.",absorption_ratio_shadow,absorption_ratio_A,20,10C,9,profile_base_formal_point,base_profile_formal_point,10/800,True,profile_generated_mature_queue_input,generated_from_reviewed_profile_only
co2_T10_900ppm_ambient,co2,10.0,900.0,B,fit,True,False,False,co2_standard_gas,True,ambient_open,,True,True,"1100,1000,900,800,700,600,550",360.0,10,active_stream_1hz,run_v1_5_formal_open_flow_sampling,--temp 10 --co2-source-ppm 900 --co2-group B --purge-s 360 --sample-count 10 --analyzer-acquisition active_stream_1hz,"Open-flow CO2 formal runlist preview: standard gas continuously refreshes the analyzer cells; pressure is evidence after independent pressure-channel verification, not a sealed pressure fitting target.",absorption_ratio_shadow,absorption_ratio_A,21,10C,10,profile_base_formal_point,base_profile_formal_point,10/900,True,profile_generated_mature_queue_input,generated_from_reviewed_profile_only
co2_T10_1000ppm_ambient,co2,10.0,1000.0,A,fit,True,False,False,co2_standard_gas,True,ambient_open,,True,True,"1100,1000,900,800,700,600,550",360.0,10,active_stream_1hz,run_v1_5_formal_open_flow_sampling,--temp 10 --co2-source-ppm 1000 --co2-group A --purge-s 360 --sample-count 10 --analyzer-acquisition active_stream_1hz,"Open-flow CO2 formal runlist preview: standard gas continuously refreshes the analyzer cells; pressure is evidence after independent pressure-channel verification, not a sealed pressure fitting target.",absorption_ratio_shadow,absorption_ratio_A,22,10C,11,profile_base_formal_point,base_profile_formal_point,10/1000,True,profile_generated_mature_queue_input,generated_from_reviewed_profile_only
co2_T20_0ppm_ambient,co2,20.0,0.0,A,fit,True,False,True,zero_air,True,ambient_open,,True,True,"1100,1000,900,800,700,600,550",360.0,10,active_stream_1hz,run_v1_5_formal_open_flow_sampling,--temp 20 --co2-source-ppm 0 --co2-group A --purge-s 360 --sample-count 10 --analyzer-acquisition active_stream_1hz,"Open-flow CO2 formal runlist preview: standard gas continuously refreshes the analyzer cells; pressure is evidence after independent pressure-channel verification, not a sealed pressure fitting target.",absorption_ratio_shadow,absorption_ratio_A,23,20C,1,profile_base_formal_point,base_profile_formal_point,20/0,True,profile_generated_mature_queue_input,generated_from_reviewed_profile_only
co2_T20_100ppm_ambient,co2,20.0,100.0,B,fit,True,False,False,co2_standard_gas,True,ambient_open,,True,True,"1100,1000,900,800,700,600,550",360.0,10,active_stream_1hz,run_v1_5_formal_open_flow_sampling,--temp 20 --co2-source-ppm 100 --co2-group B --purge-s 360 --sample-count 10 --analyzer-acquisition active_stream_1hz,"Open-flow CO2 formal runlist preview: standard gas continuously refreshes the analyzer cells; pressure is evidence after independent pressure-channel verification, not a sealed pressure fitting target.",absorption_ratio_shadow,absorption_ratio_A,24,20C,2,profile_base_formal_point,base_profile_formal_point,20/100,True,profile_generated_mature_queue_input,generated_from_reviewed_profile_only
co2_T20_200ppm_ambient,co2,20.0,200.0,A,fit,True,False,False,co2_standard_gas,True,ambient_open,,True,True,"1100,1000,900,800,700,600,550",360.0,10,active_stream_1hz,run_v1_5_formal_open_flow_sampling,--temp 20 --co2-source-ppm 200 --co2-group A --purge-s 360 --sample-count 10 --analyzer-acquisition active_stream_1hz,"Open-flow CO2 formal runlist preview: standard gas continuously refreshes the analyzer cells; pressure is evidence after independent pressure-channel verification, not a sealed pressure fitting target.",absorption_ratio_shadow,absorption_ratio_A,25,20C,3,profile_base_formal_point,base_profile_formal_point,20/200,True,profile_generated_mature_queue_input,generated_from_reviewed_profile_only
co2_T20_300ppm_ambient,co2,20.0,300.0,B,fit,True,False,False,co2_standard_gas,True,ambient_open,,True,True,"1100,1000,900,800,700,600,550",360.0,10,active_stream_1hz,run_v1_5_formal_open_flow_sampling,--temp 20 --co2-source-ppm 300 --co2-group B --purge-s 360 --sample-count 10 --analyzer-acquisition active_stream_1hz,"Open-flow CO2 formal runlist preview: standard gas continuously refreshes the analyzer cells; pressure is evidence after independent pressure-channel verification, not a sealed pressure fitting target.",absorption_ratio_shadow,absorption_ratio_A,26,20C,4,profile_base_formal_point,base_profile_formal_point,20/300,True,profile_generated_mature_queue_input,generated_from_reviewed_profile_only
co2_T20_400ppm_ambient,co2,20.0,400.0,A,fit,True,False,False,co2_standard_gas,True,ambient_open,,True,True,"1100,1000,900,800,700,600,550",360.0,10,active_stream_1hz,run_v1_5_formal_open_flow_sampling,--temp 20 --co2-source-ppm 400 --co2-group A --purge-s 360 --sample-count 10 --analyzer-acquisition active_stream_1hz,"Open-flow CO2 formal runlist preview: standard gas continuously refreshes the analyzer cells; pressure is evidence after independent pressure-channel verification, not a sealed pressure fitting target.",absorption_ratio_shadow,absorption_ratio_A,27,20C,5,profile_base_formal_point,base_profile_formal_point,20/400,True,profile_generated_mature_queue_input,generated_from_reviewed_profile_only
co2_T20_500ppm_ambient,co2,20.0,500.0,B,fit,True,False,False,co2_standard_gas,True,ambient_open,,True,True,"1100,1000,900,800,700,600,550",360.0,10,active_stream_1hz,run_v1_5_formal_open_flow_sampling,--temp 20 --co2-source-ppm 500 --co2-group B --purge-s 360 --sample-count 10 --analyzer-acquisition active_stream_1hz,"Open-flow CO2 formal runlist preview: standard gas continuously refreshes the analyzer cells; pressure is evidence after independent pressure-channel verification, not a sealed pressure fitting target.",absorption_ratio_shadow,absorption_ratio_A,28,20C,6,profile_base_formal_point,base_profile_formal_point,20/500,True,profile_generated_mature_queue_input,generated_from_reviewed_profile_only
co2_T20_600ppm_ambient,co2,20.0,600.0,A,fit,True,False,False,co2_standard_gas,True,ambient_open,,True,True,"1100,1000,900,800,700,600,550",360.0,10,active_stream_1hz,run_v1_5_formal_open_flow_sampling,--temp 20 --co2-source-ppm 600 --co2-group A --purge-s 360 --sample-count 10 --analyzer-acquisition active_stream_1hz,"Open-flow CO2 formal runlist preview: standard gas continuously refreshes the analyzer cells; pressure is evidence after independent pressure-channel verification, not a sealed pressure fitting target.",absorption_ratio_shadow,absorption_ratio_A,29,20C,7,profile_base_formal_point,base_profile_formal_point,20/600,True,profile_generated_mature_queue_input,generated_from_reviewed_profile_only
co2_T20_700ppm_ambient,co2,20.0,700.0,B,fit,True,False,False,co2_standard_gas,True,ambient_open,,True,True,"1100,1000,900,800,700,600,550",360.0,10,active_stream_1hz,run_v1_5_formal_open_flow_sampling,--temp 20 --co2-source-ppm 700 --co2-group B --purge-s 360 --sample-count 10 --analyzer-acquisition active_stream_1hz,"Open-flow CO2 formal runlist preview: standard gas continuously refreshes the analyzer cells; pressure is evidence after independent pressure-channel verification, not a sealed pressure fitting target.",absorption_ratio_shadow,absorption_ratio_A,30,20C,8,profile_base_formal_point,base_profile_formal_point,20/700,True,profile_generated_mature_queue_input,generated_from_reviewed_profile_only
co2_T20_800ppm_ambient,co2,20.0,800.0,A,fit,True,False,False,co2_standard_gas,True,ambient_open,,True,True,"1100,1000,900,800,700,600,550",360.0,10,active_stream_1hz,run_v1_5_formal_open_flow_sampling,--temp 20 --co2-source-ppm 800 --co2-group A --purge-s 360 --sample-count 10 --analyzer-acquisition active_stream_1hz,"Open-flow CO2 formal runlist preview: standard gas continuously refreshes the analyzer cells; pressure is evidence after independent pressure-channel verification, not a sealed pressure fitting target.",absorption_ratio_shadow,absorption_ratio_A,31,20C,9,profile_base_formal_point,base_profile_formal_point,20/800,True,profile_generated_mature_queue_input,generated_from_reviewed_profile_only
co2_T20_900ppm_ambient,co2,20.0,900.0,B,fit,True,False,False,co2_standard_gas,True,ambient_open,,True,True,"1100,1000,900,800,700,600,550",360.0,10,active_stream_1hz,run_v1_5_formal_open_flow_sampling,--temp 20 --co2-source-ppm 900 --co2-group B --purge-s 360 --sample-count 10 --analyzer-acquisition active_stream_1hz,"Open-flow CO2 formal runlist preview: standard gas continuously refreshes the analyzer cells; pressure is evidence after independent pressure-channel verification, not a sealed pressure fitting target.",absorption_ratio_shadow,absorption_ratio_A,32,20C,10,profile_base_formal_point,base_profile_formal_point,20/900,True,profile_generated_mature_queue_input,generated_from_reviewed_profile_only
co2_T20_1000ppm_ambient,co2,20.0,1000.0,A,fit,True,False,False,co2_standard_gas,True,ambient_open,,True,True,"1100,1000,900,800,700,600,550",360.0,10,active_stream_1hz,run_v1_5_formal_open_flow_sampling,--temp 20 --co2-source-ppm 1000 --co2-group A --purge-s 360 --sample-count 10 --analyzer-acquisition active_stream_1hz,"Open-flow CO2 formal runlist preview: standard gas continuously refreshes the analyzer cells; pressure is evidence after independent pressure-channel verification, not a sealed pressure fitting target.",absorption_ratio_shadow,absorption_ratio_A,33,20C,11,profile_base_formal_point,base_profile_formal_point,20/1000,True,profile_generated_mature_queue_input,generated_from_reviewed_profile_only
co2_T30_0ppm_ambient,co2,30.0,0.0,A,fit,True,False,True,zero_air,True,ambient_open,,True,True,"1100,1000,900,800,700,600,550",360.0,10,active_stream_1hz,run_v1_5_formal_open_flow_sampling,--temp 30 --co2-source-ppm 0 --co2-group A --purge-s 360 --sample-count 10 --analyzer-acquisition active_stream_1hz,"Open-flow CO2 formal runlist preview: standard gas continuously refreshes the analyzer cells; pressure is evidence after independent pressure-channel verification, not a sealed pressure fitting target.",absorption_ratio_shadow,absorption_ratio_A,34,30C,1,profile_base_formal_point,base_profile_formal_point,30/0,True,profile_generated_mature_queue_input,generated_from_reviewed_profile_only
co2_T30_100ppm_ambient,co2,30.0,100.0,B,fit,True,False,False,co2_standard_gas,True,ambient_open,,True,True,"1100,1000,900,800,700,600,550",360.0,10,active_stream_1hz,run_v1_5_formal_open_flow_sampling,--temp 30 --co2-source-ppm 100 --co2-group B --purge-s 360 --sample-count 10 --analyzer-acquisition active_stream_1hz,"Open-flow CO2 formal runlist preview: standard gas continuously refreshes the analyzer cells; pressure is evidence after independent pressure-channel verification, not a sealed pressure fitting target.",absorption_ratio_shadow,absorption_ratio_A,35,30C,2,profile_base_formal_point,base_profile_formal_point,30/100,True,profile_generated_mature_queue_input,generated_from_reviewed_profile_only
co2_T30_200ppm_ambient,co2,30.0,200.0,A,fit,True,False,False,co2_standard_gas,True,ambient_open,,True,True,"1100,1000,900,800,700,600,550",360.0,10,active_stream_1hz,run_v1_5_formal_open_flow_sampling,--temp 30 --co2-source-ppm 200 --co2-group A --purge-s 360 --sample-count 10 --analyzer-acquisition active_stream_1hz,"Open-flow CO2 formal runlist preview: standard gas continuously refreshes the analyzer cells; pressure is evidence after independent pressure-channel verification, not a sealed pressure fitting target.",absorption_ratio_shadow,absorption_ratio_A,36,30C,3,profile_base_formal_point,base_profile_formal_point,30/200,True,profile_generated_mature_queue_input,generated_from_reviewed_profile_only
co2_T30_300ppm_ambient,co2,30.0,300.0,B,fit,True,False,False,co2_standard_gas,True,ambient_open,,True,True,"1100,1000,900,800,700,600,550",360.0,10,active_stream_1hz,run_v1_5_formal_open_flow_sampling,--temp 30 --co2-source-ppm 300 --co2-group B --purge-s 360 --sample-count 10 --analyzer-acquisition active_stream_1hz,"Open-flow CO2 formal runlist preview: standard gas continuously refreshes the analyzer cells; pressure is evidence after independent pressure-channel verification, not a sealed pressure fitting target.",absorption_ratio_shadow,absorption_ratio_A,37,30C,4,profile_base_formal_point,base_profile_formal_point,30/300,True,profile_generated_mature_queue_input,generated_from_reviewed_profile_only
co2_T30_400ppm_ambient,co2,30.0,400.0,A,fit,True,False,False,co2_standard_gas,True,ambient_open,,True,True,"1100,1000,900,800,700,600,550",360.0,10,active_stream_1hz,run_v1_5_formal_open_flow_sampling,--temp 30 --co2-source-ppm 400 --co2-group A --purge-s 360 --sample-count 10 --analyzer-acquisition active_stream_1hz,"Open-flow CO2 formal runlist preview: standard gas continuously refreshes the analyzer cells; pressure is evidence after independent pressure-channel verification, not a sealed pressure fitting target.",absorption_ratio_shadow,absorption_ratio_A,38,30C,5,profile_base_formal_point,base_profile_formal_point,30/400,True,profile_generated_mature_queue_input,generated_from_reviewed_profile_only
co2_T30_500ppm_ambient,co2,30.0,500.0,B,fit,True,False,False,co2_standard_gas,True,ambient_open,,True,True,"1100,1000,900,800,700,600,550",360.0,10,active_stream_1hz,run_v1_5_formal_open_flow_sampling,--temp 30 --co2-source-ppm 500 --co2-group B --purge-s 360 --sample-count 10 --analyzer-acquisition active_stream_1hz,"Open-flow CO2 formal runlist preview: standard gas continuously refreshes the analyzer cells; pressure is evidence after independent pressure-channel verification, not a sealed pressure fitting target.",absorption_ratio_shadow,absorption_ratio_A,39,30C,6,profile_base_formal_point,base_profile_formal_point,30/500,True,profile_generated_mature_queue_input,generated_from_reviewed_profile_only
co2_T30_600ppm_ambient,co2,30.0,600.0,A,fit,True,False,False,co2_standard_gas,True,ambient_open,,True,True,"1100,1000,900,800,700,600,550",360.0,10,active_stream_1hz,run_v1_5_formal_open_flow_sampling,--temp 30 --co2-source-ppm 600 --co2-group A --purge-s 360 --sample-count 10 --analyzer-acquisition active_stream_1hz,"Open-flow CO2 formal runlist preview: standard gas continuously refreshes the analyzer cells; pressure is evidence after independent pressure-channel verification, not a sealed pressure fitting target.",absorption_ratio_shadow,absorption_ratio_A,40,30C,7,profile_base_formal_point,base_profile_formal_point,30/600,True,profile_generated_mature_queue_input,generated_from_reviewed_profile_only
co2_T30_700ppm_ambient,co2,30.0,700.0,B,fit,True,False,False,co2_standard_gas,True,ambient_open,,True,True,"1100,1000,900,800,700,600,550",360.0,10,active_stream_1hz,run_v1_5_formal_open_flow_sampling,--temp 30 --co2-source-ppm 700 --co2-group B --purge-s 360 --sample-count 10 --analyzer-acquisition active_stream_1hz,"Open-flow CO2 formal runlist preview: standard gas continuously refreshes the analyzer cells; pressure is evidence after independent pressure-channel verification, not a sealed pressure fitting target.",absorption_ratio_shadow,absorption_ratio_A,41,30C,8,profile_base_formal_point,base_profile_formal_point,30/700,True,profile_generated_mature_queue_input,generated_from_reviewed_profile_only
co2_T30_800ppm_ambient,co2,30.0,800.0,A,fit,True,False,False,co2_standard_gas,True,ambient_open,,True,True,"1100,1000,900,800,700,600,550",360.0,10,active_stream_1hz,run_v1_5_formal_open_flow_sampling,--temp 30 --co2-source-ppm 800 --co2-group A --purge-s 360 --sample-count 10 --analyzer-acquisition active_stream_1hz,"Open-flow CO2 formal runlist preview: standard gas continuously refreshes the analyzer cells; pressure is evidence after independent pressure-channel verification, not a sealed pressure fitting target.",absorption_ratio_shadow,absorption_ratio_A,42,30C,9,profile_base_formal_point,base_profile_formal_point,30/800,True,profile_generated_mature_queue_input,generated_from_reviewed_profile_only
co2_T30_900ppm_ambient,co2,30.0,900.0,B,fit,True,False,False,co2_standard_gas,True,ambient_open,,True,True,"1100,1000,900,800,700,600,550",360.0,10,active_stream_1hz,run_v1_5_formal_open_flow_sampling,--temp 30 --co2-source-ppm 900 --co2-group B --purge-s 360 --sample-count 10 --analyzer-acquisition active_stream_1hz,"Open-flow CO2 formal runlist preview: standard gas continuously refreshes the analyzer cells; pressure is evidence after independent pressure-channel verification, not a sealed pressure fitting target.",absorption_ratio_shadow,absorption_ratio_A,43,30C,10,profile_base_formal_point,base_profile_formal_point,30/900,True,profile_generated_mature_queue_input,generated_from_reviewed_profile_only
co2_T30_1000ppm_ambient,co2,30.0,1000.0,A,fit,True,False,False,co2_standard_gas,True,ambient_open,,True,True,"1100,1000,900,800,700,600,550",360.0,10,active_stream_1hz,run_v1_5_formal_open_flow_sampling,--temp 30 --co2-source-ppm 1000 --co2-group A --purge-s 360 --sample-count 10 --analyzer-acquisition active_stream_1hz,"Open-flow CO2 formal runlist preview: standard gas continuously refreshes the analyzer cells; pressure is evidence after independent pressure-channel verification, not a sealed pressure fitting target.",absorption_ratio_shadow,absorption_ratio_A,44,30C,11,profile_base_formal_point,base_profile_formal_point,30/1000,True,profile_generated_mature_queue_input,generated_from_reviewed_profile_only
co2_T40_0ppm_ambient,co2,40.0,0.0,A,fit,True,False,True,zero_air,True,ambient_open,,True,True,"1100,900,550",360.0,10,active_stream_1hz,run_v1_5_formal_open_flow_sampling,--temp 40 --co2-source-ppm 0 --co2-group A --purge-s 360 --sample-count 10 --analyzer-acquisition active_stream_1hz,"Open-flow CO2 formal runlist preview: standard gas continuously refreshes the analyzer cells; pressure is evidence after independent pressure-channel verification, not a sealed pressure fitting target.",absorption_ratio_shadow,absorption_ratio_A,45,40C,1,profile_base_formal_point,base_profile_formal_point,40/0,True,profile_generated_mature_queue_input,generated_from_reviewed_profile_only
co2_T40_400ppm_ambient,co2,40.0,400.0,A,fit,True,False,False,co2_standard_gas,True,ambient_open,,True,True,"1100,900,550",360.0,10,active_stream_1hz,run_v1_5_formal_open_flow_sampling,--temp 40 --co2-source-ppm 400 --co2-group A --purge-s 360 --sample-count 10 --analyzer-acquisition active_stream_1hz,"Open-flow CO2 formal runlist preview: standard gas continuously refreshes the analyzer cells; pressure is evidence after independent pressure-channel verification, not a sealed pressure fitting target.",absorption_ratio_shadow,absorption_ratio_A,46,40C,2,profile_base_formal_point,base_profile_formal_point,40/400,True,profile_generated_mature_queue_input,generated_from_reviewed_profile_only
co2_T40_1000ppm_ambient,co2,40.0,1000.0,A,fit,True,False,False,co2_standard_gas,True,ambient_open,,True,True,"1100,900,550",360.0,10,active_stream_1hz,run_v1_5_formal_open_flow_sampling,--temp 40 --co2-source-ppm 1000 --co2-group A --purge-s 360 --sample-count 10 --analyzer-acquisition active_stream_1hz,"Open-flow CO2 formal runlist preview: standard gas continuously refreshes the analyzer cells; pressure is evidence after independent pressure-channel verification, not a sealed pressure fitting target.",absorption_ratio_shadow,absorption_ratio_A,47,40C,3,profile_base_formal_point,base_profile_formal_point,40/1000,True,profile_generated_mature_queue_input,generated_from_reviewed_profile_only
