root_key,role,path,size_bytes,sha256
mature_0620_legacy_ratio:co2,queue_summary,D:\gas_calibrator\_handoff\v1_5_formal_route_real_20260624\current6_20260624_r10_task_direct_continuous_nowrite\co2\current6_20260624_r10_co2_continuous_full45_task_direct\queue_summary.json,4803,b50613711dcc84dd393ba8c676361ffe4e05753661c4d65020486d613aabea28
mature_0620_legacy_ratio:co2,queue_manifest,D:\gas_calibrator\_handoff\v1_5_formal_route_real_20260624\current6_20260624_r10_task_direct_continuous_nowrite\co2\current6_20260624_r10_co2_continuous_full45_task_direct\queue_manifest.csv,77311,843fb5877455ab24eff1379778020465a80084097587ef48b7703e4039ce807a
mature_0620_legacy_ratio:co2,point_sidecar,D:\gas_calibrator\_handoff\v1_5_formal_route_real_20260624\current6_20260624_r10_task_direct_continuous_nowrite\co2\p001_T40_0ppm_fit\formal_open_flow_sidecar_metadata.json,1200,ed2c5221f108aadf8ab56c1b5c07510a1aab26dae1723cec6d6a90e8373a1fc4
mature_0620_legacy_ratio:co2,point_samples,D:\gas_calibrator\_handoff\v1_5_formal_route_real_20260624\current6_20260624_r10_task_direct_continuous_nowrite\co2\p001_T40_0ppm_fit\samples_machine_readable.csv,49680,0d348ff41c6c8b6f06d40affe118a90969ff23745fbfc93c653e57e29d0c62d7
mature_0620_legacy_ratio:co2,point_component_quality,D:\gas_calibrator\_handoff\v1_5_formal_route_real_20260624\current6_20260624_r10_task_direct_continuous_nowrite\co2\p001_T40_0ppm_fit\formal_open_flow_data_quality_by_analyzer.csv,891,912d563ad4d55b9ae6f7a1fd281bd08e91a539fd12d356036055938b62ad49ed
mature_0620_legacy_ratio:co2,point_sidecar,D:\gas_calibrator\_handoff\v1_5_formal_route_real_20260624\current6_20260624_r10_task_direct_continuous_nowrite\co2\p002_T40_400ppm_fit\formal_open_flow_sidecar_metadata.json,1204,6381162dd9e05cb53c1f08394b983e4eb0ff8e99a2056a352a4e35447b096032
mature_0620_legacy_ratio:co2,point_samples,D:\gas_calibrator\_handoff\v1_5_formal_route_real_20260624\current6_20260624_r10_task_direct_continuous_nowrite\co2\p002_T40_400ppm_fit\samples_machine_readable.csv,49901,5ac9275d7fa6860daefb18065d33fd13a51c8b501f787907348462b52c344a48
mature_0620_legacy_ratio:co2,point_component_quality,D:\gas_calibrator\_handoff\v1_5_formal_route_real_20260624\current6_20260624_r10_task_direct_continuous_nowrite\co2\p002_T40_400ppm_fit\formal_open_flow_data_quality_by_analyzer.csv,854,d194db980dad9c051e343d2c7974da9c865537578a97c5a1eda485507eef73d0
mature_0620_legacy_ratio:co2,point_sidecar,D:\gas_calibrator\_handoff\v1_5_formal_route_real_20260624\current6_20260624_r10_task_direct_continuous_nowrite\co2\p003_T40_1000ppm_fit\formal_open_flow_sidecar_metadata.json,1206,bc2b03ea08e4aee88a92da187a24c7085334d2c7dde3f6bbc59e73418fb1cff4
mature_0620_legacy_ratio:co2,point_samples,D:\gas_calibrator\_handoff\v1_5_formal_route_real_20260624\current6_20260624_r10_task_direct_continuous_nowrite\co2\p003_T40_1000ppm_fit\samples_machine_readable.csv,50010,b4098a72382c00f25b2689df09a385169d190ae2a261ab9f9a39d5eeb0187d5a
mature_0620_legacy_ratio:co2,point_component_quality,D:\gas_calibrator\_handoff\v1_5_formal_route_real_20260624\current6_20260624_r10_task_direct_continuous_nowrite\co2\p003_T40_1000ppm_fit\formal_open_flow_data_quality_by_analyzer.csv,891,498a624c39035b0348848339642360a7ce2b2f3fa9917418fa4686863d4fbe5b
mature_0620_legacy_ratio:co2,point_sidecar,D:\gas_calibrator\_handoff\v1_5_formal_route_real_20260624\current6_20260624_r10_task_direct_continuous_nowrite\co2\p004_T30_0ppm_fit\formal_open_flow_sidecar_metadata.json,1200,6fb1a3a92f1a482ad8060e4f0c5993e32fc437bcb27a8122e397a3eea9ca5cf4
mature_0620_legacy_ratio:co2,point_samples,D:\gas_calibrator\_handoff\v1_5_formal_route_real_20260624\current6_20260624_r10_task_direct_continuous_nowrite\co2\p004_T30_0ppm_fit\samples_machine_readable.csv,49662,d61baa3c7a7cc3a66c0dfbfaf71ca0b4a899fe1f96b908d3fa3f79a9ec77bcc8
mature_0620_legacy_ratio:co2,point_component_quality,D:\gas_calibrator\_handoff\v1_5_formal_route_real_20260624\current6_20260624_r10_task_direct_continuous_nowrite\co2\p004_T30_0ppm_fit\formal_open_flow_data_quality_by_analyzer.csv,815,2b0c9992f2d03ccef194fe047bbac15aa9f84aa507725f72d59c213fa47876eb
mature_0620_legacy_ratio:co2,point_sidecar,D:\gas_calibrator\_handoff\v1_5_formal_route_real_20260624\current6_20260624_r10_task_direct_continuous_nowrite\co2\p005_T30_100ppm_fit\formal_open_flow_sidecar_metadata.json,1206,08809af34cbb5e021919f7ac66a6964fd210261c898550612d0e7ac9b5a34a8a
mature_0620_legacy_ratio:co2,point_samples,D:\gas_calibrator\_handoff\v1_5_formal_route_real_20260624\current6_20260624_r10_task_direct_continuous_nowrite\co2\p005_T30_100ppm_fit\samples_machine_readable.csv,49885,634e0a87c80eef0b3dd7e80cd07e463ab67f6a4595569fe618c89901a3767194
mature_0620_legacy_ratio:co2,point_component_quality,D:\gas_calibrator\_handoff\v1_5_formal_route_real_20260624\current6_20260624_r10_task_direct_continuous_nowrite\co2\p005_T30_100ppm_fit\formal_open_flow_data_quality_by_analyzer.csv,891,38d235f489ec20c6912a1aacdf946e456e833c7e36294997ec04e7c30bcfb5e4
mature_0620_legacy_ratio:co2,point_sidecar,D:\gas_calibrator\_handoff\v1_5_formal_route_real_20260624\current6_20260624_r10_task_direct_continuous_nowrite\co2\p006_T30_200ppm_fit\formal_open_flow_sidecar_metadata.json,1204,06548ff800794e8db21fae5f20dd99904734e176c7f327236b6e7b8ca8519500
mature_0620_legacy_ratio:co2,point_samples,D:\gas_calibrator\_handoff\v1_5_formal_route_real_20260624\current6_20260624_r10_task_direct_continuous_nowrite\co2\p006_T30_200ppm_fit\samples_machine_readable.csv,49887,60bc8e7467407e985eec9595feef3af3c99b42793825dff0d4cc007c6a0eac3d
mature_0620_legacy_ratio:co2,point_component_quality,D:\gas_calibrator\_handoff\v1_5_formal_route_real_20260624\current6_20260624_r10_task_direct_continuous_nowrite\co2\p006_T30_200ppm_fit\formal_open_flow_data_quality_by_analyzer.csv,906,aeb97f2067f34353f875e93e29523ab48d8b410105b27181e23d2e52c938143c
mature_0620_legacy_ratio:co2,point_sidecar,D:\gas_calibrator\_handoff\v1_5_formal_route_real_20260624\current6_20260624_r10_task_direct_continuous_nowrite\co2\p007_T30_300ppm_fit\formal_open_flow_sidecar_metadata.json,1206,a1f99039d8dab4db43b06da671dd21c905738a47882039b6fcdff26aa1565a9c
mature_0620_legacy_ratio:co2,point_samples,D:\gas_calibrator\_handoff\v1_5_formal_route_real_20260624\current6_20260624_r10_task_direct_continuous_nowrite\co2\p007_T30_300ppm_fit\samples_machine_readable.csv,49904,0ff6cbb38ba40a8f25b3427dfbf2d2d479c2884a78b919ebd462ce33f44e82b6
mature_0620_legacy_ratio:co2,point_component_quality,D:\gas_calibrator\_handoff\v1_5_formal_route_real_20260624\current6_20260624_r10_task_direct_continuous_nowrite\co2\p007_T30_300ppm_fit\formal_open_flow_data_quality_by_analyzer.csv,881,606669bdae6eaf0999ffa27628cf6a396e73d3b23cc4b8814dc8c570ca59c19e
mature_0620_legacy_ratio:co2,point_sidecar,D:\gas_calibrator\_handoff\v1_5_formal_route_real_20260624\current6_20260624_r10_task_direct_continuous_nowrite\co2\p008_T30_400ppm_fit\formal_open_flow_sidecar_metadata.json,1204,17179eab00b2732310934e288a82d518e36ad9ad716f8e4d924ed064c83b630f
mature_0620_legacy_ratio:co2,point_samples,D:\gas_calibrator\_handoff\v1_5_formal_route_real_20260624\current6_20260624_r10_task_direct_continuous_nowrite\co2\p008_T30_400ppm_fit\samples_machine_readable.csv,49931,c347d8c604410c4b5db184b439e42a0942c13cf812bf182a3e564469a814b778
mature_0620_legacy_ratio:co2,point_component_quality,D:\gas_calibrator\_handoff\v1_5_formal_route_real_20260624\current6_20260624_r10_task_direct_continuous_nowrite\co2\p008_T30_400ppm_fit\formal_open_flow_data_quality_by_analyzer.csv,907,e264d0f43845f4cb34bedfd94a6222b6036062cedeac403794c1ae8328718c8d
mature_0620_legacy_ratio:co2,point_sidecar,D:\gas_calibrator\_handoff\v1_5_formal_route_real_20260624\current6_20260624_r10_task_direct_continuous_nowrite\co2\p009_T30_500ppm_fit\formal_open_flow_sidecar_metadata.json,1206,ab50d853930fa2be783a40d8effc8e75224b7323441d2f1dd727f57aedda2538
mature_0620_legacy_ratio:co2,point_samples,D:\gas_calibrator\_handoff\v1_5_formal_route_real_20260624\current6_20260624_r10_task_direct_continuous_nowrite\co2\p009_T30_500ppm_fit\samples_machine_readable.csv,49938,4a880a0d4269f3d67f771a73910bb9a7914840129fd890543bbf5bdd80d14fff
mature_0620_legacy_ratio:co2,point_component_quality,D:\gas_calibrator\_handoff\v1_5_formal_route_real_20260624\current6_20260624_r10_task_direct_continuous_nowrite\co2\p009_T30_500ppm_fit\formal_open_flow_data_quality_by_analyzer.csv,873,412bdd63eb99f5aaa4a11d055047a5533c5481da6325e49eb5469792177aa451
mature_0620_legacy_ratio:co2,point_sidecar,D:\gas_calibrator\_handoff\v1_5_formal_route_real_20260624\current6_20260624_r10_task_direct_continuous_nowrite\co2\p010_T30_600ppm_fit\formal_open_flow_sidecar_metadata.json,1204,271fde6662821bf219e5009e3e72a0314057867e167d328af19cf0f8bd1b0f18
mature_0620_legacy_ratio:co2,point_samples,D:\gas_calibrator\_handoff\v1_5_formal_route_real_20260624\current6_20260624_r10_task_direct_continuous_nowrite\co2\p010_T30_600ppm_fit\samples_machine_readable.csv,49894,6b12390612d3294297103800dbf517af92695e15024f7eca723ec8ec04db042a
mature_0620_legacy_ratio:co2,point_component_quality,D:\gas_calibrator\_handoff\v1_5_formal_route_real_20260624\current6_20260624_r10_task_direct_continuous_nowrite\co2\p010_T30_600ppm_fit\formal_open_flow_data_quality_by_analyzer.csv,908,a0564fb6e7eb76c7c58676fc044fd7923d08a0b17d3701ec100d430def9dd958
mature_0620_legacy_ratio:co2,point_sidecar,D:\gas_calibrator\_handoff\v1_5_formal_route_real_20260624\current6_20260624_r10_task_direct_continuous_nowrite\co2\p011_T30_700ppm_fit\formal_open_flow_sidecar_metadata.json,1206,05b13faa1ff6cd0ee8f2789ec8e1e3c31090da50819fa7de7ab58f279250de98
mature_0620_legacy_ratio:co2,point_samples,D:\gas_calibrator\_handoff\v1_5_formal_route_real_20260624\current6_20260624_r10_task_direct_continuous_nowrite\co2\p011_T30_700ppm_fit\samples_machine_readable.csv,49928,74df18b6c79754de8f9bfea183886b7d0bc79203315b4061911d1d1f929f5cde
mature_0620_legacy_ratio:co2,point_component_quality,D:\gas_calibrator\_handoff\v1_5_formal_route_real_20260624\current6_20260624_r10_task_direct_continuous_nowrite\co2\p011_T30_700ppm_fit\formal_open_flow_data_quality_by_analyzer.csv,907,3f629131889058716225d41837567958997d8f00a852e7e3a8cb0c9fd680cb2d
mature_0620_legacy_ratio:co2,point_sidecar,D:\gas_calibrator\_handoff\v1_5_formal_route_real_20260624\current6_20260624_r10_task_direct_continuous_nowrite\co2\p012_T30_800ppm_fit\formal_open_flow_sidecar_metadata.json,1204,826e5a8baf91b5cbea4b9a57b30f93416904023b961aaa1adb08ecc166f2789f
mature_0620_legacy_ratio:co2,point_samples,D:\gas_calibrator\_handoff\v1_5_formal_route_real_20260624\current6_20260624_r10_task_direct_continuous_nowrite\co2\p012_T30_800ppm_fit\samples_machine_readable.csv,49922,6232eab76c56688d6d17c65553cea7b8b80de231705fee311c3924f037dc0155
mature_0620_legacy_ratio:co2,point_component_quality,D:\gas_calibrator\_handoff\v1_5_formal_route_real_20260624\current6_20260624_r10_task_direct_continuous_nowrite\co2\p012_T30_800ppm_fit\formal_open_flow_data_quality_by_analyzer.csv,870,0890a2e8b146e9381c0d63c41c1aaa6b3722acc8d97ab5993ebf18aca97dcd7c
mature_0620_legacy_ratio:co2,point_sidecar,D:\gas_calibrator\_handoff\v1_5_formal_route_real_20260624\current6_20260624_r10_task_direct_continuous_nowrite\co2\p013_T30_900ppm_fit\formal_open_flow_sidecar_metadata.json,1206,c7981d091bc789fa87531f52d1702efc6884d823caaf0e5707e2d0cbf186ee1c
mature_0620_legacy_ratio:co2,point_samples,D:\gas_calibrator\_handoff\v1_5_formal_route_real_20260624\current6_20260624_r10_task_direct_continuous_nowrite\co2\p013_T30_900ppm_fit\samples_machine_readable.csv,49978,377f382c73fa49c88612875c53fe3606622bdb23e1de843bf4fe10986c81c14e
mature_0620_legacy_ratio:co2,point_component_quality,D:\gas_calibrator\_handoff\v1_5_formal_route_real_20260624\current6_20260624_r10_task_direct_continuous_nowrite\co2\p013_T30_900ppm_fit\formal_open_flow_data_quality_by_analyzer.csv,944,658785dfac125a89f23e898ce239a66a3f03820fa46b2a830658577b952d5f6c
mature_0620_legacy_ratio:co2,point_sidecar,D:\gas_calibrator\_handoff\v1_5_formal_route_real_20260624\current6_20260624_r10_task_direct_continuous_nowrite\co2\p014_T30_1000ppm_fit\formal_open_flow_sidecar_metadata.json,1206,344b41a2c6de67eb306c23351204ad7c1d6c2996233ce9ee40553528c78b9b89
mature_0620_legacy_ratio:co2,point_samples,D:\gas_calibrator\_handoff\v1_5_formal_route_real_20260624\current6_20260624_r10_task_direct_continuous_nowrite\co2\p014_T30_1000ppm_fit\samples_machine_readable.csv,50009,22843efa3dd09289bfb6a8faf35101611d402a9a0535b200e9c756f9b1c8ef20
mature_0620_legacy_ratio:co2,point_component_quality,D:\gas_calibrator\_handoff\v1_5_formal_route_real_20260624\current6_20260624_r10_task_direct_continuous_nowrite\co2\p014_T30_1000ppm_fit\formal_open_flow_data_quality_by_analyzer.csv,869,c4f8a74e8063a292b2bb4fada4cbc84afc6706478d6ac418450d1da543caacc4
mature_0620_legacy_ratio:co2,point_sidecar,D:\gas_calibrator\_handoff\v1_5_formal_route_real_20260624\current6_20260624_r10_task_direct_continuous_nowrite\co2\p015_T20_0ppm_fit\formal_open_flow_sidecar_metadata.json,1200,7415ebff754d0a2b7bcddbeb112ecc18ef7fef2fe4e5204b389846e1f7ac73d0
mature_0620_legacy_ratio:co2,point_samples,D:\gas_calibrator\_handoff\v1_5_formal_route_real_20260624\current6_20260624_r10_task_direct_continuous_nowrite\co2\p015_T20_0ppm_fit\samples_machine_readable.csv,49722,a26fe95a9b5e30aa6d53ce301a66fd3dd9e193e4f8d60782d4716129307a9516
mature_0620_legacy_ratio:co2,point_component_quality,D:\gas_calibrator\_handoff\v1_5_formal_route_real_20260624\current6_20260624_r10_task_direct_continuous_nowrite\co2\p015_T20_0ppm_fit\formal_open_flow_data_quality_by_analyzer.csv,928,9fb6bfb02f3330d135eba06a8b4cf6395caf355fe65d90c70ae1d15d0ee20265
mature_0620_legacy_ratio:co2,point_sidecar,D:\gas_calibrator\_handoff\v1_5_formal_route_real_20260624\current6_20260624_r10_task_direct_continuous_nowrite\co2\p016_T20_100ppm_fit\formal_open_flow_sidecar_metadata.json,1206,78810c1e3bda84ea195032022327ff6cc0f47b05574735074e81f170d52e011f
mature_0620_legacy_ratio:co2,point_samples,D:\gas_calibrator\_handoff\v1_5_formal_route_real_20260624\current6_20260624_r10_task_direct_continuous_nowrite\co2\p016_T20_100ppm_fit\samples_machine_readable.csv,49908,317170dd825631747b1846b4608f3bb1a0efa0bc830d02533703b6983802266a
mature_0620_legacy_ratio:co2,point_component_quality,D:\gas_calibrator\_handoff\v1_5_formal_route_real_20260624\current6_20260624_r10_task_direct_continuous_nowrite\co2\p016_T20_100ppm_fit\formal_open_flow_data_quality_by_analyzer.csv,906,996bc387998518081b4abe773a49ab3654d43916200dab093c6512e19734d337
mature_0620_legacy_ratio:co2,point_sidecar,D:\gas_calibrator\_handoff\v1_5_formal_route_real_20260624\current6_20260624_r10_task_direct_continuous_nowrite\co2\p017_T20_200ppm_fit\formal_open_flow_sidecar_metadata.json,1204,fc5be651750678203101bd7a0dd6ade9d05a3e094d487ac7dfb0a0fbeb736f2a
mature_0620_legacy_ratio:co2,point_samples,D:\gas_calibrator\_handoff\v1_5_formal_route_real_20260624\current6_20260624_r10_task_direct_continuous_nowrite\co2\p017_T20_200ppm_fit\samples_machine_readable.csv,49923,04a7789de16eb0d3f19ec84b4cb4ba8fe8326bb5cbce375c968f0d16e8e89e25
mature_0620_legacy_ratio:co2,point_component_quality,D:\gas_calibrator\_handoff\v1_5_formal_route_real_20260624\current6_20260624_r10_task_direct_continuous_nowrite\co2\p017_T20_200ppm_fit\formal_open_flow_data_quality_by_analyzer.csv,907,bfc49a806e3d3d42b7e77d367d5dbffa36e8916b5dd1d900696757f77b722296
mature_0620_legacy_ratio:co2,point_sidecar,D:\gas_calibrator\_handoff\v1_5_formal_route_real_20260624\current6_20260624_r10_task_direct_continuous_nowrite\co2\p018_T20_300ppm_fit\formal_open_flow_sidecar_metadata.json,1206,45f92f96213065c97d21133a2a932fd331f2d93cfc6f2f06a96f337e5cca7db4
mature_0620_legacy_ratio:co2,point_samples,D:\gas_calibrator\_handoff\v1_5_formal_route_real_20260624\current6_20260624_r10_task_direct_continuous_nowrite\co2\p018_T20_300ppm_fit\samples_machine_readable.csv,49876,b89a6c23bacd98931586b98e0a4e962d645531302933b13ad9f622f6bfa7c546
mature_0620_legacy_ratio:co2,point_component_quality,D:\gas_calibrator\_handoff\v1_5_formal_route_real_20260624\current6_20260624_r10_task_direct_continuous_nowrite\co2\p018_T20_300ppm_fit\formal_open_flow_data_quality_by_analyzer.csv,881,69c9c5be13153d52c527f98d4fea759055f037215282cf91336e250797fa5350
mature_0620_legacy_ratio:co2,point_sidecar,D:\gas_calibrator\_handoff\v1_5_formal_route_real_20260624\current6_20260624_r10_task_direct_continuous_nowrite\co2\p019_T20_400ppm_fit\formal_open_flow_sidecar_metadata.json,1204,502d93adaca05ed063d4831a43c8d989ad94edd16f7d3def7d0e1dafc16bd5f0
mature_0620_legacy_ratio:co2,point_samples,D:\gas_calibrator\_handoff\v1_5_formal_route_real_20260624\current6_20260624_r10_task_direct_continuous_nowrite\co2\p019_T20_400ppm_fit\samples_machine_readable.csv,49910,f59c3b9b618d96e8bf57c49fa10895a23d31b9f881241fc67bc57d2fba9ff81b
mature_0620_legacy_ratio:co2,point_component_quality,D:\gas_calibrator\_handoff\v1_5_formal_route_real_20260624\current6_20260624_r10_task_direct_continuous_nowrite\co2\p019_T20_400ppm_fit\formal_open_flow_data_quality_by_analyzer.csv,892,165e87fcbab9250488dfd39fc2a6cb9b86aadd2218a99143ca6aa5b745282686
mature_0620_legacy_ratio:co2,point_sidecar,D:\gas_calibrator\_handoff\v1_5_formal_route_real_20260624\current6_20260624_r10_task_direct_continuous_nowrite\co2\p020_T20_500ppm_fit\formal_open_flow_sidecar_metadata.json,1206,e3469575a21cdee3ad35bcd432392b0d7168742768fdcba6aa7dd90338d80447
mature_0620_legacy_ratio:co2,point_samples,D:\gas_calibrator\_handoff\v1_5_formal_route_real_20260624\current6_20260624_r10_task_direct_continuous_nowrite\co2\p020_T20_500ppm_fit\samples_machine_readable.csv,49930,2d7a520f0531c7548343a78cb09c0dc88409b8f7ef48eeff3e0c09c29d98639c
mature_0620_legacy_ratio:co2,point_component_quality,D:\gas_calibrator\_handoff\v1_5_formal_route_real_20260624\current6_20260624_r10_task_direct_continuous_nowrite\co2\p020_T20_500ppm_fit\formal_open_flow_data_quality_by_analyzer.csv,871,ef1fecf5d77566c44edc435013f86950a257876eed90c0927ebd838b0bd6ee97
mature_0620_legacy_ratio:co2,point_sidecar,D:\gas_calibrator\_handoff\v1_5_formal_route_real_20260624\current6_20260624_r10_task_direct_continuous_nowrite\co2\p021_T20_600ppm_fit\formal_open_flow_sidecar_metadata.json,1204,72e521b505db553f7c30ea13f069b1449119479b9fc318cc9986ff9755757463
mature_0620_legacy_ratio:co2,point_samples,D:\gas_calibrator\_handoff\v1_5_formal_route_real_20260624\current6_20260624_r10_task_direct_continuous_nowrite\co2\p021_T20_600ppm_fit\samples_machine_readable.csv,49950,81e00cfe6978d6a63ac05e257cb06e0ed0521e2142c4c7750d783c6dc1a16261
mature_0620_legacy_ratio:co2,point_component_quality,D:\gas_calibrator\_handoff\v1_5_formal_route_real_20260624\current6_20260624_r10_task_direct_continuous_nowrite\co2\p021_T20_600ppm_fit\formal_open_flow_data_quality_by_analyzer.csv,944,a3ff04b59f542d12a09179896cbc8918760748d20b6f081be9177d6c9fd7d2ed
mature_0620_legacy_ratio:co2,point_sidecar,D:\gas_calibrator\_handoff\v1_5_formal_route_real_20260624\current6_20260624_r10_task_direct_continuous_nowrite\co2\p022_T20_700ppm_fit\formal_open_flow_sidecar_metadata.json,1206,cf9e3a1fcb820b00a2bb18e3287e8d20794dd9bc35fe471959bb92f1cd065f8a
mature_0620_legacy_ratio:co2,point_samples,D:\gas_calibrator\_handoff\v1_5_formal_route_real_20260624\current6_20260624_r10_task_direct_continuous_nowrite\co2\p022_T20_700ppm_fit\samples_machine_readable.csv,49918,e2098437b894347cc92c99fe2ceebc9b52bc564aee7e87e3321f36be98656a55
mature_0620_legacy_ratio:co2,point_component_quality,D:\gas_calibrator\_handoff\v1_5_formal_route_real_20260624\current6_20260624_r10_task_direct_continuous_nowrite\co2\p022_T20_700ppm_fit\formal_open_flow_data_quality_by_analyzer.csv,853,3a2c66cad7cdb83b63422c9aa442456ef4f03deb7152f9e3946a604bbe6da47f
mature_0620_legacy_ratio:co2,point_sidecar,D:\gas_calibrator\_handoff\v1_5_formal_route_real_20260624\current6_20260624_r10_task_direct_continuous_nowrite\co2\p023_T20_800ppm_fit\formal_open_flow_sidecar_metadata.json,1204,3424f48023f0680db55c5171ccc03b52410e68d64d310fcfd32c7b77a7fd774e
mature_0620_legacy_ratio:co2,point_samples,D:\gas_calibrator\_handoff\v1_5_formal_route_real_20260624\current6_20260624_r10_task_direct_continuous_nowrite\co2\p023_T20_800ppm_fit\samples_machine_readable.csv,49921,993e03c10f1af92caa437d52848c0ea2243cfdec0bf6ddf5de67620459382628
mature_0620_legacy_ratio:co2,point_component_quality,D:\gas_calibrator\_handoff\v1_5_formal_route_real_20260624\current6_20260624_r10_task_direct_continuous_nowrite\co2\p023_T20_800ppm_fit\formal_open_flow_data_quality_by_analyzer.csv,905,5892f34e991c9326ff835ef2b35784cbb78dbc7c03211e9915330070c334ec9c
mature_0620_legacy_ratio:co2,point_sidecar,D:\gas_calibrator\_handoff\v1_5_formal_route_real_20260624\current6_20260624_r10_task_direct_continuous_nowrite\co2\p024_T20_900ppm_fit\formal_open_flow_sidecar_metadata.json,1206,5833eea8b301898e9feae3a7e49129d6e13d58f0d1ed97e3acea31ccf96bacd7
mature_0620_legacy_ratio:co2,point_samples,D:\gas_calibrator\_handoff\v1_5_formal_route_real_20260624\current6_20260624_r10_task_direct_continuous_nowrite\co2\p024_T20_900ppm_fit\samples_machine_readable.csv,49931,cb8103f86b9bf398b0b77835538a5cec810c5c2436700cf91c467623f69b1fc4
mature_0620_legacy_ratio:co2,point_component_quality,D:\gas_calibrator\_handoff\v1_5_formal_route_real_20260624\current6_20260624_r10_task_direct_continuous_nowrite\co2\p024_T20_900ppm_fit\formal_open_flow_data_quality_by_analyzer.csv,854,56c1ca3cca2a920780a814c194c177f2568a13a98c8a4b52a234309aca9a555a
mature_0620_legacy_ratio:co2,point_sidecar,D:\gas_calibrator\_handoff\v1_5_formal_route_real_20260624\current6_20260624_r10_task_direct_continuous_nowrite\co2\p025_T20_1000ppm_fit\formal_open_flow_sidecar_metadata.json,1206,cd6cfe1e017237976e7766512110585d5c690fad000b3c2a07bf3952354890c6
mature_0620_legacy_ratio:co2,point_samples,D:\gas_calibrator\_handoff\v1_5_formal_route_real_20260624\current6_20260624_r10_task_direct_continuous_nowrite\co2\p025_T20_1000ppm_fit\samples_machine_readable.csv,49900,97fc7d0bbb8920aa4b5b0ab26bf4621ed08b9d57799331d8f0fd085b588b3397
mature_0620_legacy_ratio:co2,point_component_quality,D:\gas_calibrator\_handoff\v1_5_formal_route_real_20260624\current6_20260624_r10_task_direct_continuous_nowrite\co2\p025_T20_1000ppm_fit\formal_open_flow_data_quality_by_analyzer.csv,908,a8285b2ecba2ed1299c9873cab61f685b4aead4dc92b938e5fe0f013c5e71f82
mature_0620_legacy_ratio:co2,point_sidecar,D:\gas_calibrator\_handoff\v1_5_formal_route_real_20260624\current6_20260624_r10_task_direct_continuous_nowrite\co2\p026_T10_0ppm_fit\formal_open_flow_sidecar_metadata.json,1200,201f08d306e848193c246ed68ce6933479a5999bc444214efb67d21b2c1d2d32
mature_0620_legacy_ratio:co2,point_samples,D:\gas_calibrator\_handoff\v1_5_formal_route_real_20260624\current6_20260624_r10_task_direct_continuous_nowrite\co2\p026_T10_0ppm_fit\samples_machine_readable.csv,49677,fd2eab20271ad81ae5a75ff8be68158ba8dc7dff288db2ca9abe40ac62176ec6
mature_0620_legacy_ratio:co2,point_component_quality,D:\gas_calibrator\_handoff\v1_5_formal_route_real_20260624\current6_20260624_r10_task_direct_continuous_nowrite\co2\p026_T10_0ppm_fit\formal_open_flow_data_quality_by_analyzer.csv,961,6c4d4849d2d5c63cbd504ad8da4da3c43bfed655c75ac82db1a72ffe953ea1a6
mature_0620_legacy_ratio:co2,point_sidecar,D:\gas_calibrator\_handoff\v1_5_formal_route_real_20260624\current6_20260624_r10_task_direct_continuous_nowrite\co2\p027_T10_100ppm_fit\formal_open_flow_sidecar_metadata.json,1206,1fd93febf14485e4cc98d5f91e9d2341733162d9cf4e097f7d56e89340561f0d
mature_0620_legacy_ratio:co2,point_samples,D:\gas_calibrator\_handoff\v1_5_formal_route_real_20260624\current6_20260624_r10_task_direct_continuous_nowrite\co2\p027_T10_100ppm_fit\samples_machine_readable.csv,49836,2eb3739c9e7f877ccc91f0c9092c95c83837637bf7a9d4a100dce6db6f479428
mature_0620_legacy_ratio:co2,point_component_quality,D:\gas_calibrator\_handoff\v1_5_formal_route_real_20260624\current6_20260624_r10_task_direct_continuous_nowrite\co2\p027_T10_100ppm_fit\formal_open_flow_data_quality_by_analyzer.csv,873,6e010d660e06ab00b3109a4875695d746a8fd7a6227d1ab6710e3ab7da85827c
mature_0620_legacy_ratio:co2,point_sidecar,D:\gas_calibrator\_handoff\v1_5_formal_route_real_20260624\current6_20260624_r10_task_direct_continuous_nowrite\co2\p028_T10_200ppm_fit\formal_open_flow_sidecar_metadata.json,1204,70e9f956040bbc7c3434305f0f343076f9d4e88c27e1d4b819b30cdb44339102
mature_0620_legacy_ratio:co2,point_samples,D:\gas_calibrator\_handoff\v1_5_formal_route_real_20260624\current6_20260624_r10_task_direct_continuous_nowrite\co2\p028_T10_200ppm_fit\samples_machine_readable.csv,49886,b2ae2992b93c70e6e71f7199756bb96c437244db480951ebd987b6272201d5d8
mature_0620_legacy_ratio:co2,point_component_quality,D:\gas_calibrator\_handoff\v1_5_formal_route_real_20260624\current6_20260624_r10_task_direct_continuous_nowrite\co2\p028_T10_200ppm_fit\formal_open_flow_data_quality_by_analyzer.csv,890,e970d0a3d9345854e38b41d454cf38077922cddee78d9c21a6a2d3de64c5b1da
mature_0620_legacy_ratio:co2,point_sidecar,D:\gas_calibrator\_handoff\v1_5_formal_route_real_20260624\current6_20260624_r10_task_direct_continuous_nowrite\co2\p029_T10_300ppm_fit\formal_open_flow_sidecar_metadata.json,1206,cb84930b0658db34803f08e23ad6937e6969358a717994b6e68cd105accf6c18
mature_0620_legacy_ratio:co2,point_samples,D:\gas_calibrator\_handoff\v1_5_formal_route_real_20260624\current6_20260624_r10_task_direct_continuous_nowrite\co2\p029_T10_300ppm_fit\samples_machine_readable.csv,49897,d84c66d8f672b840b164dd3ac0b63f2da88d16be4e1d1ed689800515b77e6850
mature_0620_legacy_ratio:co2,point_component_quality,D:\gas_calibrator\_handoff\v1_5_formal_route_real_20260624\current6_20260624_r10_task_direct_continuous_nowrite\co2\p029_T10_300ppm_fit\formal_open_flow_data_quality_by_analyzer.csv,945,bfc8c7d56b8b6833705106dfc3d06c0fc59b633b838ef877facfb1e226033250
mature_0620_legacy_ratio:co2,point_sidecar,D:\gas_calibrator\_handoff\v1_5_formal_route_real_20260624\current6_20260624_r10_task_direct_continuous_nowrite\co2\p030_T10_400ppm_fit\formal_open_flow_sidecar_metadata.json,1204,450b3f3c2fb0439bb424ec88ea391910121bb0eabfdc3c27b472d5a9648bb3b6
mature_0620_legacy_ratio:co2,point_samples,D:\gas_calibrator\_handoff\v1_5_formal_route_real_20260624\current6_20260624_r10_task_direct_continuous_nowrite\co2\p030_T10_400ppm_fit\samples_machine_readable.csv,49908,cbc3f9f9fc1c72ae3877684013e453dafd383b935e00898a100904025a4d1761
mature_0620_legacy_ratio:co2,point_component_quality,D:\gas_calibrator\_handoff\v1_5_formal_route_real_20260624\current6_20260624_r10_task_direct_continuous_nowrite\co2\p030_T10_400ppm_fit\formal_open_flow_data_quality_by_analyzer.csv,852,86a65f7d62a4bae6f67938e571a175279a568eb47ab3d21dfc1bc924d84e4db0
mature_0620_legacy_ratio:co2,point_sidecar,D:\gas_calibrator\_handoff\v1_5_formal_route_real_20260624\current6_20260624_r10_task_direct_continuous_nowrite\co2\p031_T10_500ppm_fit\formal_open_flow_sidecar_metadata.json,1206,0cb18a26ec4a09ebbb29f9a2a17465297e84bda8c8b1ccb39ba4de6dd7d18728
mature_0620_legacy_ratio:co2,point_samples,D:\gas_calibrator\_handoff\v1_5_formal_route_real_20260624\current6_20260624_r10_task_direct_continuous_nowrite\co2\p031_T10_500ppm_fit\samples_machine_readable.csv,49938,d89c317d9913d57b2037eecc11f0b1e369fe7e030bb895ae8ad94a306b59c7b8
mature_0620_legacy_ratio:co2,point_component_quality,D:\gas_calibrator\_handoff\v1_5_formal_route_real_20260624\current6_20260624_r10_task_direct_continuous_nowrite\co2\p031_T10_500ppm_fit\formal_open_flow_data_quality_by_analyzer.csv,870,ebace04986731cc53ca9faa6549efb331fe2b0245f1a879843f91f1b7493f1bd
mature_0620_legacy_ratio:co2,point_sidecar,D:\gas_calibrator\_handoff\v1_5_formal_route_real_20260624\current6_20260624_r10_task_direct_continuous_nowrite\co2\p032_T10_600ppm_fit\formal_open_flow_sidecar_metadata.json,1204,f631ea59f8da8988ccd372234e4ef9bf56e24918c7cf694b9cdca0098d7ee235
mature_0620_legacy_ratio:co2,point_samples,D:\gas_calibrator\_handoff\v1_5_formal_route_real_20260624\current6_20260624_r10_task_direct_continuous_nowrite\co2\p032_T10_600ppm_fit\samples_machine_readable.csv,49962,d3be798a5779d264a75bc7df84f294242d25b41870dda20503776b034c586ec0
mature_0620_legacy_ratio:co2,point_component_quality,D:\gas_calibrator\_handoff\v1_5_formal_route_real_20260624\current6_20260624_r10_task_direct_continuous_nowrite\co2\p032_T10_600ppm_fit\formal_open_flow_data_quality_by_analyzer.csv,908,4d29d3cbc63750ae21a9b6585eb64714d299564b99f684218ef7dfb3a46a22c0
mature_0620_legacy_ratio:co2,point_sidecar,D:\gas_calibrator\_handoff\v1_5_formal_route_real_20260624\current6_20260624_r10_task_direct_continuous_nowrite\co2\p033_T10_700ppm_fit\formal_open_flow_sidecar_metadata.json,1206,7c7b698f3320d62f9af9e3b3d6c954bc53a9071a4fd04eb7ad627f1b655361a3
mature_0620_legacy_ratio:co2,point_samples,D:\gas_calibrator\_handoff\v1_5_formal_route_real_20260624\current6_20260624_r10_task_direct_continuous_nowrite\co2\p033_T10_700ppm_fit\samples_machine_readable.csv,49927,09d2ee230fc665b75dc8857efc119f8476478c041bc128a0bb11b34e2b87242a
mature_0620_legacy_ratio:co2,point_component_quality,D:\gas_calibrator\_handoff\v1_5_formal_route_real_20260624\current6_20260624_r10_task_direct_continuous_nowrite\co2\p033_T10_700ppm_fit\formal_open_flow_data_quality_by_analyzer.csv,891,6a699bb7efa7cca04f6ea9019037df852a95a579be5f0c6c144a97579b0b2e3e
mature_0620_legacy_ratio:co2,point_sidecar,D:\gas_calibrator\_handoff\v1_5_formal_route_real_20260624\current6_20260624_r10_task_direct_continuous_nowrite\co2\p034_T10_800ppm_fit\formal_open_flow_sidecar_metadata.json,1204,18ca27bb69292ec143612b013f049253b023059d6c417c9c15c6186182e91f6e
mature_0620_legacy_ratio:co2,point_samples,D:\gas_calibrator\_handoff\v1_5_formal_route_real_20260624\current6_20260624_r10_task_direct_continuous_nowrite\co2\p034_T10_800ppm_fit\samples_machine_readable.csv,49989,e6924c2abdffcd258dfe557fa522cbd24e44b0fbdc664e61ac4efb9ab2773a1e
mature_0620_legacy_ratio:co2,point_component_quality,D:\gas_calibrator\_handoff\v1_5_formal_route_real_20260624\current6_20260624_r10_task_direct_continuous_nowrite\co2\p034_T10_800ppm_fit\formal_open_flow_data_quality_by_analyzer.csv,870,ef64bdc824799a04ac950f34003693509341cdda129c98129506ed10606bd08d
mature_0620_legacy_ratio:co2,point_sidecar,D:\gas_calibrator\_handoff\v1_5_formal_route_real_20260624\current6_20260624_r10_task_direct_continuous_nowrite\co2\p035_T10_900ppm_fit\formal_open_flow_sidecar_metadata.json,1206,b6b436c4cac886421faddd932851ca42a1cc2d2a74333f50c08087b5cac4e131
mature_0620_legacy_ratio:co2,point_samples,D:\gas_calibrator\_handoff\v1_5_formal_route_real_20260624\current6_20260624_r10_task_direct_continuous_nowrite\co2\p035_T10_900ppm_fit\samples_machine_readable.csv,49781,bb3bd9eed3b7f511e2ceefcbd12cdc08d25d02fa658ac5913fc0d76b4336d724
mature_0620_legacy_ratio:co2,point_component_quality,D:\gas_calibrator\_handoff\v1_5_formal_route_real_20260624\current6_20260624_r10_task_direct_continuous_nowrite\co2\p035_T10_900ppm_fit\formal_open_flow_data_quality_by_analyzer.csv,873,e6a912e09b9e2169e6cc64b329965807052b43466dc0ab7dd2e6812047089e8b
mature_0620_legacy_ratio:co2,point_sidecar,D:\gas_calibrator\_handoff\v1_5_formal_route_real_20260624\current6_20260624_r10_task_direct_continuous_nowrite\co2\p036_T10_1000ppm_fit\formal_open_flow_sidecar_metadata.json,1206,707a1349203fd54dc46645b608397238acc8392871acbb42a43d190c95f28d85
mature_0620_legacy_ratio:co2,point_samples,D:\gas_calibrator\_handoff\v1_5_formal_route_real_20260624\current6_20260624_r10_task_direct_continuous_nowrite\co2\p036_T10_1000ppm_fit\samples_machine_readable.csv,49979,960df12facaaee88510976c180846d86a811f27a896beea4b67848ae68654355
mature_0620_legacy_ratio:co2,point_component_quality,D:\gas_calibrator\_handoff\v1_5_formal_route_real_20260624\current6_20260624_r10_task_direct_continuous_nowrite\co2\p036_T10_1000ppm_fit\formal_open_flow_data_quality_by_analyzer.csv,853,ad978adf912d412d357409283c2bd28ac30536be62a2d338f6e1406b10bd3a09
mature_0620_legacy_ratio:co2,point_sidecar,D:\gas_calibrator\_handoff\v1_5_formal_route_real_20260624\current6_20260624_r10_task_direct_continuous_nowrite\co2\p037_T0_0ppm_fit\formal_open_flow_sidecar_metadata.json,1199,346f44457cc152eb9b98a9b70fb189501489c1f438751cd60cd3342f231e752d
mature_0620_legacy_ratio:co2,point_samples,D:\gas_calibrator\_handoff\v1_5_formal_route_real_20260624\current6_20260624_r10_task_direct_continuous_nowrite\co2\p037_T0_0ppm_fit\samples_machine_readable.csv,49496,a8e5238a9f7f81e9d44d406dfbed7a2c9d050ef3e326db6adb7b23d64f12faae
mature_0620_legacy_ratio:co2,point_component_quality,D:\gas_calibrator\_handoff\v1_5_formal_route_real_20260624\current6_20260624_r10_task_direct_continuous_nowrite\co2\p037_T0_0ppm_fit\formal_open_flow_data_quality_by_analyzer.csv,892,fa4ccc247dc5d3e0fe843d7a2d9391528c505a957b9461f5ea2d4e1f8ea6e235
mature_0620_legacy_ratio:co2,point_sidecar,D:\gas_calibrator\_handoff\v1_5_formal_route_real_20260624\current6_20260624_r10_task_direct_continuous_nowrite\co2\p038_T0_400ppm_fit\formal_open_flow_sidecar_metadata.json,1203,3452e560a985305845708948ed2a5c3539ab43eff7947c2693e0610556dae33d
mature_0620_legacy_ratio:co2,point_samples,D:\gas_calibrator\_handoff\v1_5_formal_route_real_20260624\current6_20260624_r10_task_direct_continuous_nowrite\co2\p038_T0_400ppm_fit\samples_machine_readable.csv,49688,551baa4d876cd624eb8300292a44dc692e5f3b41523102c4cff42ddf1b49ba11
mature_0620_legacy_ratio:co2,point_component_quality,D:\gas_calibrator\_handoff\v1_5_formal_route_real_20260624\current6_20260624_r10_task_direct_continuous_nowrite\co2\p038_T0_400ppm_fit\formal_open_flow_data_quality_by_analyzer.csv,923,8f283972a8006f88ecd7acd994dec8a222f6cb8768978278a6b46807a04a3925
mature_0620_legacy_ratio:co2,point_sidecar,D:\gas_calibrator\_handoff\v1_5_formal_route_real_20260624\current6_20260624_r10_task_direct_continuous_nowrite\co2\p039_T0_1000ppm_fit\formal_open_flow_sidecar_metadata.json,1205,e66f4e88422546d0b35beb342ac9e7bfec3c09e0b465d0627cc5d4bed5639009
mature_0620_legacy_ratio:co2,point_samples,D:\gas_calibrator\_handoff\v1_5_formal_route_real_20260624\current6_20260624_r10_task_direct_continuous_nowrite\co2\p039_T0_1000ppm_fit\samples_machine_readable.csv,49829,de70fd0ed18860c15d3cb2a45c4f662cbdfbddfec039add285377c53ffc9a6a9
mature_0620_legacy_ratio:co2,point_component_quality,D:\gas_calibrator\_handoff\v1_5_formal_route_real_20260624\current6_20260624_r10_task_direct_continuous_nowrite\co2\p039_T0_1000ppm_fit\formal_open_flow_data_quality_by_analyzer.csv,884,c8a5e569dbd43d4cd864846358e1f801c78d5d21c75bf731748b3e19d61cf555
mature_0620_legacy_ratio:co2,point_sidecar,D:\gas_calibrator\_handoff\v1_5_formal_route_real_20260624\current6_20260624_r10_task_direct_continuous_nowrite\co2\p040_Tm10_0ppm_fit\formal_open_flow_sidecar_metadata.json,1201,41927339afb5caf3d26db3a4649212903d0b0158112662c34949b7ed53fffff5
mature_0620_legacy_ratio:co2,point_sidecar,D:\gas_calibrator\_handoff\v1_5_formal_route_real_20260624\current6_20260624_r10_task_direct_continuous_nowrite\co2\p041_Tm10_400ppm_fit\formal_open_flow_sidecar_metadata.json,1205,554af5fe0a48be1fc2313e333ed486f672f18537a0d68a92f22d3a7a1651799f
mature_0620_legacy_ratio:co2,point_sidecar,D:\gas_calibrator\_handoff\v1_5_formal_route_real_20260624\current6_20260624_r10_task_direct_continuous_nowrite\co2\p042_Tm10_1000ppm_fit\formal_open_flow_sidecar_metadata.json,1207,75920bf311d6c5dcfe28bbee3d9053e250b39bd58271f46e7281305381b12566
mature_0620_legacy_ratio:co2,point_samples,D:\gas_calibrator\_handoff\v1_5_formal_route_real_20260624\current6_20260624_r10_task_direct_continuous_nowrite\co2\p042_Tm10_1000ppm_fit\samples_machine_readable.csv,81219,affd104d6c4142788cdc06b16029e64228aa3fa5b07dddf04ba93f01ecc36e06
mature_0620_legacy_ratio:co2,point_component_quality,D:\gas_calibrator\_handoff\v1_5_formal_route_real_20260624\current6_20260624_r10_task_direct_continuous_nowrite\co2\p042_Tm10_1000ppm_fit\formal_open_flow_data_quality_by_analyzer.csv,858,0c1f741aa03f31e48e731d0852ff9a211c5c74f5217cd53b77b3ecb728e61997
mature_0620_legacy_ratio:co2,point_sidecar,D:\gas_calibrator\_handoff\v1_5_formal_route_real_20260624\current6_20260624_r10_task_direct_continuous_nowrite\co2\p043_Tm20_0ppm_fit\formal_open_flow_sidecar_metadata.json,1201,379d42bc7d5e1b1c75f88d4c3e67e942f637902c48756020642db330f0d35d55
mature_0620_legacy_ratio:co2,point_samples,D:\gas_calibrator\_handoff\v1_5_formal_route_real_20260624\current6_20260624_r10_task_direct_continuous_nowrite\co2\p043_Tm20_0ppm_fit\samples_machine_readable.csv,81456,0fcfa6dda4929ed18b5b7b10871942a9a641d284ed7ccc6b65f88365697953ba
mature_0620_legacy_ratio:co2,point_component_quality,D:\gas_calibrator\_handoff\v1_5_formal_route_real_20260624\current6_20260624_r10_task_direct_continuous_nowrite\co2\p043_Tm20_0ppm_fit\formal_open_flow_data_quality_by_analyzer.csv,867,e3d1d9d82ab4ca27b1b81904ffb00d97f05a2e4711f05c9d536a0d49a76cd99b
mature_0620_legacy_ratio:co2,point_sidecar,D:\gas_calibrator\_handoff\v1_5_formal_route_real_20260624\current6_20260624_r10_task_direct_continuous_nowrite\co2\p044_Tm20_400ppm_fit\formal_open_flow_sidecar_metadata.json,1205,25282fb8ba4c50bf9ada115e4cfb729e0bb12818d17d14807bf9ccdc0a0969a9
mature_0620_legacy_ratio:co2,point_samples,D:\gas_calibrator\_handoff\v1_5_formal_route_real_20260624\current6_20260624_r10_task_direct_continuous_nowrite\co2\p044_Tm20_400ppm_fit\samples_machine_readable.csv,80001,af8dd233253ede0d793037916384d3efb4a24ec8651e5be264c1011573b87242
mature_0620_legacy_ratio:co2,point_component_quality,D:\gas_calibrator\_handoff\v1_5_formal_route_real_20260624\current6_20260624_r10_task_direct_continuous_nowrite\co2\p044_Tm20_400ppm_fit\formal_open_flow_data_quality_by_analyzer.csv,833,6a0bb2cc717c242bf27930671b76dafca7bb7bee3423aa741363c886f13b600e
mature_0620_legacy_ratio:co2,point_sidecar,D:\gas_calibrator\_handoff\v1_5_formal_route_real_20260624\current6_20260624_r10_task_direct_continuous_nowrite\co2\p045_Tm20_1000ppm_fit\formal_open_flow_sidecar_metadata.json,1207,993e8a5484dbb7e9c4c2e1060b5473f338e0ee7aae2263a92fc50d26940b3eec
mature_0620_legacy_ratio:co2,point_samples,D:\gas_calibrator\_handoff\v1_5_formal_route_real_20260624\current6_20260624_r10_task_direct_continuous_nowrite\co2\p045_Tm20_1000ppm_fit\samples_machine_readable.csv,79826,1d789b8bfea20f7b20e7454dc7df289b5b50dda662b7b2bca9f1a1208fb2af63
mature_0620_legacy_ratio:co2,point_component_quality,D:\gas_calibrator\_handoff\v1_5_formal_route_real_20260624\current6_20260624_r10_task_direct_continuous_nowrite\co2\p045_Tm20_1000ppm_fit\formal_open_flow_data_quality_by_analyzer.csv,886,f667abd8e85fcfbe915012675ea33b86c1506c13dbc5733b74b1bb265f669bed
new_algorithm_shadow_run:co2,queue_summary,D:\gas_calibrator\_worktrees\v1_5_fixed_wait_window_gate_1aee26d_clean\_handoff\new_algo_001_init_20260627\formal\co2_open_flow_0620_mature_20260627_r1\co2_r2\new_algo_001_co2_0620_final_full_continuous_20260627_r2\queue_summary.json,3086,7bc8ddca5a74493ee2da94382e11405e49eef614fb4140293dad8f4d6b150b0a
new_algorithm_shadow_run:co2,queue_manifest,D:\gas_calibrator\_worktrees\v1_5_fixed_wait_window_gate_1aee26d_clean\_handoff\new_algo_001_init_20260627\formal\co2_open_flow_0620_mature_20260627_r1\co2_r2\new_algo_001_co2_0620_final_full_continuous_20260627_r2\queue_manifest.csv,76478,46ca53453d15bd8630049464bc3a3d245676f58c6cd5be8f176e3f9f8baf7606
new_algorithm_shadow_run:co2,point_sidecar,D:\gas_calibrator\_worktrees\v1_5_fixed_wait_window_gate_1aee26d_clean\_handoff\new_algo_001_init_20260627\formal\co2_open_flow_0620_mature_20260627_r1\co2_r2\p001_T40_0ppm_fit\formal_open_flow_sidecar_metadata.json,1200,ed2c5221f108aadf8ab56c1b5c07510a1aab26dae1723cec6d6a90e8373a1fc4
new_algorithm_shadow_run:co2,point_samples,D:\gas_calibrator\_worktrees\v1_5_fixed_wait_window_gate_1aee26d_clean\_handoff\new_algo_001_init_20260627\formal\co2_open_flow_0620_mature_20260627_r1\co2_r2\p001_T40_0ppm_fit\samples_machine_readable.csv,47807,a8b3fce60dd4ec16e88ad4b6cdee4edf3272276a838319e90aca3196e86e98e4
new_algorithm_shadow_run:co2,point_sidecar,D:\gas_calibrator\_worktrees\v1_5_fixed_wait_window_gate_1aee26d_clean\_handoff\new_algo_001_init_20260627\formal\co2_open_flow_0620_mature_20260627_r1\co2_r2\p002_T40_400ppm_fit\formal_open_flow_sidecar_metadata.json,1204,6c8a9c6d73fb94e94d38f24074a58c7cf201a2770293e30ad55aa2fa3f292d7e
new_algorithm_shadow_run:co2,point_samples,D:\gas_calibrator\_worktrees\v1_5_fixed_wait_window_gate_1aee26d_clean\_handoff\new_algo_001_init_20260627\formal\co2_open_flow_0620_mature_20260627_r1\co2_r2\p002_T40_400ppm_fit\samples_machine_readable.csv,48015,a345f66b2c7341ddbcee8dd18b231e97d39b9564618d97b59784d5c4165dc957
new_algorithm_shadow_run:co2,point_sidecar,D:\gas_calibrator\_worktrees\v1_5_fixed_wait_window_gate_1aee26d_clean\_handoff\new_algo_001_init_20260627\formal\co2_open_flow_0620_mature_20260627_r1\co2_r2\p003_T40_1000ppm_fit\formal_open_flow_sidecar_metadata.json,1206,d33ee57d8d359167e0c99ab04d5ef74963b77d46dd8f96de259d54679ae9acee
new_algorithm_shadow_run:co2,point_samples,D:\gas_calibrator\_worktrees\v1_5_fixed_wait_window_gate_1aee26d_clean\_handoff\new_algo_001_init_20260627\formal\co2_open_flow_0620_mature_20260627_r1\co2_r2\p003_T40_1000ppm_fit\samples_machine_readable.csv,48173,c273853f4376bc66f63de07a20b8abf8ab8e03b297bf5d7cb7594bfdcb4591db
new_algorithm_shadow_run:co2,point_sidecar,D:\gas_calibrator\_worktrees\v1_5_fixed_wait_window_gate_1aee26d_clean\_handoff\new_algo_001_init_20260627\formal\co2_open_flow_0620_mature_20260627_r1\co2_r2\p004_T30_0ppm_fit\formal_open_flow_sidecar_metadata.json,1200,6fb1a3a92f1a482ad8060e4f0c5993e32fc437bcb27a8122e397a3eea9ca5cf4
new_algorithm_shadow_run:co2,point_samples,D:\gas_calibrator\_worktrees\v1_5_fixed_wait_window_gate_1aee26d_clean\_handoff\new_algo_001_init_20260627\formal\co2_open_flow_0620_mature_20260627_r1\co2_r2\p004_T30_0ppm_fit\samples_machine_readable.csv,47880,db2588b1d2ab75f1807bff5eb13784302e1c711d39e013f47f1f63474ba03606
new_algorithm_shadow_run:co2,point_sidecar,D:\gas_calibrator\_worktrees\v1_5_fixed_wait_window_gate_1aee26d_clean\_handoff\new_algo_001_init_20260627\formal\co2_open_flow_0620_mature_20260627_r1\co2_r2\p005_T30_100ppm_fit\formal_open_flow_sidecar_metadata.json,1206,c633b291bdf5b34cf73ac24a3f1ad2e259c31edb0813f8bcb60fd78f54c75116
new_algorithm_shadow_run:co2,point_samples,D:\gas_calibrator\_worktrees\v1_5_fixed_wait_window_gate_1aee26d_clean\_handoff\new_algo_001_init_20260627\formal\co2_open_flow_0620_mature_20260627_r1\co2_r2\p005_T30_100ppm_fit\samples_machine_readable.csv,47973,9249813f68d756da304e7faba7670ecacce44d817d1d8144cac16069cb10d8d7
new_algorithm_shadow_run:co2,point_sidecar,D:\gas_calibrator\_worktrees\v1_5_fixed_wait_window_gate_1aee26d_clean\_handoff\new_algo_001_init_20260627\formal\co2_open_flow_0620_mature_20260627_r1\co2_r2\p006_T30_200ppm_fit\formal_open_flow_sidecar_metadata.json,1204,c64c411707152841590643ecce5804920af5d38012e48456872707952e6d7ca5
new_algorithm_shadow_run:co2,point_samples,D:\gas_calibrator\_worktrees\v1_5_fixed_wait_window_gate_1aee26d_clean\_handoff\new_algo_001_init_20260627\formal\co2_open_flow_0620_mature_20260627_r1\co2_r2\p006_T30_200ppm_fit\samples_machine_readable.csv,48050,4e0517b8fef0a353e15e96ea8004998636c92fb1cd5dd2223ab18cf34ba5f032
new_algorithm_shadow_run:co2,point_sidecar,D:\gas_calibrator\_worktrees\v1_5_fixed_wait_window_gate_1aee26d_clean\_handoff\new_algo_001_init_20260627\formal\co2_open_flow_0620_mature_20260627_r1\co2_r2\p007_T30_300ppm_fit\formal_open_flow_sidecar_metadata.json,1206,8f7f1bceff56ec847a3e0a6290b79a2d791efc117071af27e559a75e12d254b5
new_algorithm_shadow_run:co2,point_samples,D:\gas_calibrator\_worktrees\v1_5_fixed_wait_window_gate_1aee26d_clean\_handoff\new_algo_001_init_20260627\formal\co2_open_flow_0620_mature_20260627_r1\co2_r2\p007_T30_300ppm_fit\samples_machine_readable.csv,48126,5d2054959105fa19196c06c61487d666525c9a34f4c57a303a927d3a80d4e173
new_algorithm_shadow_run:co2,point_sidecar,D:\gas_calibrator\_worktrees\v1_5_fixed_wait_window_gate_1aee26d_clean\_handoff\new_algo_001_init_20260627\formal\co2_open_flow_0620_mature_20260627_r1\co2_r2\p008_T30_400ppm_fit\formal_open_flow_sidecar_metadata.json,1204,50928e71e65c14752a6435b1f8a779d7634816e306c111ba0580ec14a962f2f8
new_algorithm_shadow_run:co2,point_samples,D:\gas_calibrator\_worktrees\v1_5_fixed_wait_window_gate_1aee26d_clean\_handoff\new_algo_001_init_20260627\formal\co2_open_flow_0620_mature_20260627_r1\co2_r2\p008_T30_400ppm_fit\samples_machine_readable.csv,48016,eecedb64be55715f8f68eb1902484f984cd6971e9beeb25892495dec48dc42b9
new_algorithm_shadow_run:co2,point_sidecar,D:\gas_calibrator\_worktrees\v1_5_fixed_wait_window_gate_1aee26d_clean\_handoff\new_algo_001_init_20260627\formal\co2_open_flow_0620_mature_20260627_r1\co2_r2\p009_T30_500ppm_fit\formal_open_flow_sidecar_metadata.json,1206,850a15a1cdc76c6fca50cf18b7c16fded1e019c7748bd7276e40a888e5325324
new_algorithm_shadow_run:co2,point_samples,D:\gas_calibrator\_worktrees\v1_5_fixed_wait_window_gate_1aee26d_clean\_handoff\new_algo_001_init_20260627\formal\co2_open_flow_0620_mature_20260627_r1\co2_r2\p009_T30_500ppm_fit\samples_machine_readable.csv,48132,f59d5dfae696887afd18723b68f912f787447e92d386973085b82662ca6f4c63
new_algorithm_shadow_run:co2,point_sidecar,D:\gas_calibrator\_worktrees\v1_5_fixed_wait_window_gate_1aee26d_clean\_handoff\new_algo_001_init_20260627\formal\co2_open_flow_0620_mature_20260627_r1\co2_r2\p010_T30_600ppm_fit\formal_open_flow_sidecar_metadata.json,1204,f88f4b1b1a4a2d1cb683b0047a8f767db7004ed0a60622ba273de8e9628af3e7
new_algorithm_shadow_run:co2,point_samples,D:\gas_calibrator\_worktrees\v1_5_fixed_wait_window_gate_1aee26d_clean\_handoff\new_algo_001_init_20260627\formal\co2_open_flow_0620_mature_20260627_r1\co2_r2\p010_T30_600ppm_fit\samples_machine_readable.csv,47999,ed0d0c8ba212790c54f33942e82a6f1544c20caafd8e87cd4b70dfda074281fd
new_algorithm_shadow_run:co2,point_sidecar,D:\gas_calibrator\_worktrees\v1_5_fixed_wait_window_gate_1aee26d_clean\_handoff\new_algo_001_init_20260627\formal\co2_open_flow_0620_mature_20260627_r1\co2_r2\p011_T30_700ppm_fit\formal_open_flow_sidecar_metadata.json,1206,8e0386cdd83d51e3b05825c51de0a20284d283af22cc416636716aa85e7a45ef
new_algorithm_shadow_run:co2,point_samples,D:\gas_calibrator\_worktrees\v1_5_fixed_wait_window_gate_1aee26d_clean\_handoff\new_algo_001_init_20260627\formal\co2_open_flow_0620_mature_20260627_r1\co2_r2\p011_T30_700ppm_fit\samples_machine_readable.csv,48124,62521e2f725035283c0caf0f227439a09e49f46a2499ccb08f097ff722040e11
new_algorithm_shadow_run:co2,point_sidecar,D:\gas_calibrator\_worktrees\v1_5_fixed_wait_window_gate_1aee26d_clean\_handoff\new_algo_001_init_20260627\formal\co2_open_flow_0620_mature_20260627_r1\co2_r2\p012_T30_800ppm_fit\formal_open_flow_sidecar_metadata.json,1204,f570844ef8b79ffd191ff3f817a304e75c145d1132c05d48e8857124657def04
new_algorithm_shadow_run:co2,point_samples,D:\gas_calibrator\_worktrees\v1_5_fixed_wait_window_gate_1aee26d_clean\_handoff\new_algo_001_init_20260627\formal\co2_open_flow_0620_mature_20260627_r1\co2_r2\p012_T30_800ppm_fit\samples_machine_readable.csv,48087,21fbbe809744494bab1fc57bafed328db86cd361bd3a6c795b090fef622e7e13
new_algorithm_shadow_run:co2,point_sidecar,D:\gas_calibrator\_worktrees\v1_5_fixed_wait_window_gate_1aee26d_clean\_handoff\new_algo_001_init_20260627\formal\co2_open_flow_0620_mature_20260627_r1\co2_r2\p013_T30_900ppm_fit\formal_open_flow_sidecar_metadata.json,1206,fad789e89d1a75b8b4a110ea697b35c557ccc7f4c385ed7fe6d76eae5ad4c275
new_algorithm_shadow_run:co2,point_samples,D:\gas_calibrator\_worktrees\v1_5_fixed_wait_window_gate_1aee26d_clean\_handoff\new_algo_001_init_20260627\formal\co2_open_flow_0620_mature_20260627_r1\co2_r2\p013_T30_900ppm_fit\samples_machine_readable.csv,48074,3475474a0bf7f59aa1d9a3a31fae1c63e27c623e43ca19b7e3999031c84f52c7
new_algorithm_shadow_run:co2,point_sidecar,D:\gas_calibrator\_worktrees\v1_5_fixed_wait_window_gate_1aee26d_clean\_handoff\new_algo_001_init_20260627\formal\co2_open_flow_0620_mature_20260627_r1\co2_r2\p014_T30_1000ppm_fit\formal_open_flow_sidecar_metadata.json,1206,e62bee610d00361ce5b699ecaf2e477aecac4575562edd3ad271d46b1d6e25f0
new_algorithm_shadow_run:co2,point_samples,D:\gas_calibrator\_worktrees\v1_5_fixed_wait_window_gate_1aee26d_clean\_handoff\new_algo_001_init_20260627\formal\co2_open_flow_0620_mature_20260627_r1\co2_r2\p014_T30_1000ppm_fit\samples_machine_readable.csv,48138,a4661693934bc644468dc99562fdd3bd09c5f533ea69faf4f02e66d6bcf12c07
new_algorithm_shadow_run:co2,point_sidecar,D:\gas_calibrator\_worktrees\v1_5_fixed_wait_window_gate_1aee26d_clean\_handoff\new_algo_001_init_20260627\formal\co2_open_flow_0620_mature_20260627_r1\co2_r2\p015_T20_0ppm_fit\formal_open_flow_sidecar_metadata.json,1200,7415ebff754d0a2b7bcddbeb112ecc18ef7fef2fe4e5204b389846e1f7ac73d0
new_algorithm_shadow_run:co2,point_samples,D:\gas_calibrator\_worktrees\v1_5_fixed_wait_window_gate_1aee26d_clean\_handoff\new_algo_001_init_20260627\formal\co2_open_flow_0620_mature_20260627_r1\co2_r2\p015_T20_0ppm_fit\samples_machine_readable.csv,47821,401f49e7db333caffbc7a06ec3f55f5336274b1d9238484cb9166efd09adc5e8
new_algorithm_shadow_run:co2,point_sidecar,D:\gas_calibrator\_worktrees\v1_5_fixed_wait_window_gate_1aee26d_clean\_handoff\new_algo_001_init_20260627\formal\co2_open_flow_0620_mature_20260627_r1\co2_r2\p016_T20_100ppm_fit\formal_open_flow_sidecar_metadata.json,1206,b1756c664edb5cae03291738b88fe03b2f191121e9665c5d1a0d6033d0eed745
new_algorithm_shadow_run:co2,point_samples,D:\gas_calibrator\_worktrees\v1_5_fixed_wait_window_gate_1aee26d_clean\_handoff\new_algo_001_init_20260627\formal\co2_open_flow_0620_mature_20260627_r1\co2_r2\p016_T20_100ppm_fit\samples_machine_readable.csv,48039,96ad9a820ec11cedb8bfbcc0b6186655f583fcf1c2b4bd5dcbe962b750900308
new_algorithm_shadow_run:co2,point_sidecar,D:\gas_calibrator\_worktrees\v1_5_fixed_wait_window_gate_1aee26d_clean\_handoff\new_algo_001_init_20260627\formal\co2_open_flow_0620_mature_20260627_r1\co2_r2\p017_T20_200ppm_fit\formal_open_flow_sidecar_metadata.json,1204,1ea29882e86bed1119bfbfd2c6851014695660643a219d2c450f7a1d2e233de9
new_algorithm_shadow_run:co2,point_sidecar,D:\gas_calibrator\_worktrees\v1_5_fixed_wait_window_gate_1aee26d_clean\_handoff\new_algo_001_init_20260627\formal\co2_open_flow_0620_mature_20260627_r1\co2_r2\p018_T20_300ppm_fit\formal_open_flow_sidecar_metadata.json,1206,5f2ab323fc2927476965fb818236d6a17a737f983a21a2b651a4b37578f362c5
new_algorithm_shadow_run:co2,point_samples,D:\gas_calibrator\_worktrees\v1_5_fixed_wait_window_gate_1aee26d_clean\_handoff\new_algo_001_init_20260627\formal\co2_open_flow_0620_mature_20260627_r1\co2_r2\p018_T20_300ppm_fit\samples_machine_readable.csv,48082,0155337eca4a425dc6282f40c81aa17f690f991e9a7cdeb54d987d45027cd319
new_algorithm_shadow_run:co2,point_sidecar,D:\gas_calibrator\_worktrees\v1_5_fixed_wait_window_gate_1aee26d_clean\_handoff\new_algo_001_init_20260627\formal\co2_open_flow_0620_mature_20260627_r1\co2_r2\p019_T20_400ppm_fit\formal_open_flow_sidecar_metadata.json,1204,f6d9d2d6375408164443ee5186514b236025b8e58eed7226476308d04bc9b438
new_algorithm_shadow_run:co2,point_samples,D:\gas_calibrator\_worktrees\v1_5_fixed_wait_window_gate_1aee26d_clean\_handoff\new_algo_001_init_20260627\formal\co2_open_flow_0620_mature_20260627_r1\co2_r2\p019_T20_400ppm_fit\samples_machine_readable.csv,48124,ab5913da50b96ee8ebba9a6cdab58091a934ab91ada1f82f5eec5a476b6863e1
new_algorithm_shadow_run:co2,point_sidecar,D:\gas_calibrator\_worktrees\v1_5_fixed_wait_window_gate_1aee26d_clean\_handoff\new_algo_001_init_20260627\formal\co2_open_flow_0620_mature_20260627_r1\co2_r2\p020_T20_500ppm_fit\formal_open_flow_sidecar_metadata.json,1206,0cd197c29baeecedc977ba4b42717066a32dad4e14a91ade6146942a7e105846
new_algorithm_shadow_run:co2,point_samples,D:\gas_calibrator\_worktrees\v1_5_fixed_wait_window_gate_1aee26d_clean\_handoff\new_algo_001_init_20260627\formal\co2_open_flow_0620_mature_20260627_r1\co2_r2\p020_T20_500ppm_fit\samples_machine_readable.csv,48076,f42801ec326dd4cd1c4f98c1ee5cda0c2b4ef206a197f5ebe9ac59188bb4d69a
new_algorithm_shadow_run:co2,point_sidecar,D:\gas_calibrator\_worktrees\v1_5_fixed_wait_window_gate_1aee26d_clean\_handoff\new_algo_001_init_20260627\formal\co2_open_flow_0620_mature_20260627_r1\co2_r2\p021_T20_600ppm_fit\formal_open_flow_sidecar_metadata.json,1204,987db47ad538ab3a396d48b733e2ff72ebc6c7c7cdfce3c7bf9c8a5133c6d229
new_algorithm_shadow_run:co2,point_samples,D:\gas_calibrator\_worktrees\v1_5_fixed_wait_window_gate_1aee26d_clean\_handoff\new_algo_001_init_20260627\formal\co2_open_flow_0620_mature_20260627_r1\co2_r2\p021_T20_600ppm_fit\samples_machine_readable.csv,48143,4ee8723d5d7379a7d0fd66c27b8a0a7ffe53fec570dfc6eadbad3de64c827ee2
new_algorithm_shadow_run:co2,point_sidecar,D:\gas_calibrator\_worktrees\v1_5_fixed_wait_window_gate_1aee26d_clean\_handoff\new_algo_001_init_20260627\formal\co2_open_flow_0620_mature_20260627_r1\co2_r2\p022_T20_700ppm_fit\formal_open_flow_sidecar_metadata.json,1206,1579273c6c889da69c287d2273e00d5868ea33cf840d0e7ae24d37234baec986
new_algorithm_shadow_run:co2,point_samples,D:\gas_calibrator\_worktrees\v1_5_fixed_wait_window_gate_1aee26d_clean\_handoff\new_algo_001_init_20260627\formal\co2_open_flow_0620_mature_20260627_r1\co2_r2\p022_T20_700ppm_fit\samples_machine_readable.csv,48054,fec893264ccc18d7615323a85fd57b222202c9f5fdc9526bb255966f56ad4930
new_algorithm_shadow_run:co2,point_sidecar,D:\gas_calibrator\_worktrees\v1_5_fixed_wait_window_gate_1aee26d_clean\_handoff\new_algo_001_init_20260627\formal\co2_open_flow_0620_mature_20260627_r1\co2_r2\p023_T20_800ppm_fit\formal_open_flow_sidecar_metadata.json,1204,4ada61202c31273f0c51732e6e67658b9806bca084b0c1b87289e42a083b9666
new_algorithm_shadow_run:co2,point_samples,D:\gas_calibrator\_worktrees\v1_5_fixed_wait_window_gate_1aee26d_clean\_handoff\new_algo_001_init_20260627\formal\co2_open_flow_0620_mature_20260627_r1\co2_r2\p023_T20_800ppm_fit\samples_machine_readable.csv,48076,e048cb40214e7da7f03c52f86cbf0a6520906683dbb21e169ce9cf868d57eb4b
new_algorithm_shadow_run:co2,point_sidecar,D:\gas_calibrator\_worktrees\v1_5_fixed_wait_window_gate_1aee26d_clean\_handoff\new_algo_001_init_20260627\formal\co2_open_flow_0620_mature_20260627_r1\co2_r2\p024_T20_900ppm_fit\formal_open_flow_sidecar_metadata.json,1206,14b4b82a396b1d5ebca11e0632b1c6ef0b3f860d6fe37aef1e85daf3ab66b122
new_algorithm_shadow_run:co2,point_samples,D:\gas_calibrator\_worktrees\v1_5_fixed_wait_window_gate_1aee26d_clean\_handoff\new_algo_001_init_20260627\formal\co2_open_flow_0620_mature_20260627_r1\co2_r2\p024_T20_900ppm_fit\samples_machine_readable.csv,48098,f19256cc4973202d6c44645bde34ea02c1106411cbbd82635d50a740103d4fd2
new_algorithm_shadow_run:co2,point_sidecar,D:\gas_calibrator\_worktrees\v1_5_fixed_wait_window_gate_1aee26d_clean\_handoff\new_algo_001_init_20260627\formal\co2_open_flow_0620_mature_20260627_r1\co2_r2\p025_T20_1000ppm_fit\formal_open_flow_sidecar_metadata.json,1206,4acadd4a207fd80e71d4be327dbd35110211f0e3dc23e743e148c0f57c172735
new_algorithm_shadow_run:co2,point_samples,D:\gas_calibrator\_worktrees\v1_5_fixed_wait_window_gate_1aee26d_clean\_handoff\new_algo_001_init_20260627\formal\co2_open_flow_0620_mature_20260627_r1\co2_r2\p025_T20_1000ppm_fit\samples_machine_readable.csv,48128,9b83ae20a9632494b3676c57639cd0e518a6fb61f10f6feb28ca31dca83af96d
new_algorithm_shadow_run:co2,point_sidecar,D:\gas_calibrator\_worktrees\v1_5_fixed_wait_window_gate_1aee26d_clean\_handoff\new_algo_001_init_20260627\formal\co2_open_flow_0620_mature_20260627_r1\co2_r2\p026_T10_0ppm_fit\formal_open_flow_sidecar_metadata.json,1200,201f08d306e848193c246ed68ce6933479a5999bc444214efb67d21b2c1d2d32
new_algorithm_shadow_run:co2,point_samples,D:\gas_calibrator\_worktrees\v1_5_fixed_wait_window_gate_1aee26d_clean\_handoff\new_algo_001_init_20260627\formal\co2_open_flow_0620_mature_20260627_r1\co2_r2\p026_T10_0ppm_fit\samples_machine_readable.csv,47843,b27f81fcc45acc9c2418da96a69a5d14fb63971f146a28656e29dc7f845fdb96
new_algorithm_shadow_run:co2,point_sidecar,D:\gas_calibrator\_worktrees\v1_5_fixed_wait_window_gate_1aee26d_clean\_handoff\new_algo_001_init_20260627\formal\co2_open_flow_0620_mature_20260627_r1\co2_r2\p027_T10_100ppm_fit\formal_open_flow_sidecar_metadata.json,1206,ccff6679d80490997200702d23201af9b44a60c5ceea8029ee575a30603f148a
new_algorithm_shadow_run:co2,point_samples,D:\gas_calibrator\_worktrees\v1_5_fixed_wait_window_gate_1aee26d_clean\_handoff\new_algo_001_init_20260627\formal\co2_open_flow_0620_mature_20260627_r1\co2_r2\p027_T10_100ppm_fit\samples_machine_readable.csv,48098,73e50cc8f92951ba2e72ce0bae36c663d3d8496044d5cc5d1d86e0f09a380c3d
new_algorithm_shadow_run:co2,point_sidecar,D:\gas_calibrator\_worktrees\v1_5_fixed_wait_window_gate_1aee26d_clean\_handoff\new_algo_001_init_20260627\formal\co2_open_flow_0620_mature_20260627_r1\co2_r2\p028_T10_200ppm_fit\formal_open_flow_sidecar_metadata.json,1204,a734942e6302be430bd5d3612367cc7724f6fa1471863afcf04e7d3863c14965
new_algorithm_shadow_run:co2,point_samples,D:\gas_calibrator\_worktrees\v1_5_fixed_wait_window_gate_1aee26d_clean\_handoff\new_algo_001_init_20260627\formal\co2_open_flow_0620_mature_20260627_r1\co2_r2\p028_T10_200ppm_fit\samples_machine_readable.csv,48115,e9cbcfe04e4dd843a665b052469c3b58a7682d61216033551408d1e634b164b5
new_algorithm_shadow_run:co2,point_sidecar,D:\gas_calibrator\_worktrees\v1_5_fixed_wait_window_gate_1aee26d_clean\_handoff\new_algo_001_init_20260627\formal\co2_open_flow_0620_mature_20260627_r1\co2_r2\p029_T10_300ppm_fit\formal_open_flow_sidecar_metadata.json,1206,4263cf67c8bf65eb940fc8610ce86756818a96aee7e189f151c23ff42e557c74
new_algorithm_shadow_run:co2,point_samples,D:\gas_calibrator\_worktrees\v1_5_fixed_wait_window_gate_1aee26d_clean\_handoff\new_algo_001_init_20260627\formal\co2_open_flow_0620_mature_20260627_r1\co2_r2\p029_T10_300ppm_fit\samples_machine_readable.csv,48114,facccd609006973bcd96085920634bbe04971922756d495737677997d160e50d
new_algorithm_shadow_run:co2,point_sidecar,D:\gas_calibrator\_worktrees\v1_5_fixed_wait_window_gate_1aee26d_clean\_handoff\new_algo_001_init_20260627\formal\co2_open_flow_0620_mature_20260627_r1\co2_r2\p030_T10_400ppm_fit\formal_open_flow_sidecar_metadata.json,1204,80e5471a42e6854a41627572c298524810ae9da8b24c65b261d8c561cb04250d
new_algorithm_shadow_run:co2,point_samples,D:\gas_calibrator\_worktrees\v1_5_fixed_wait_window_gate_1aee26d_clean\_handoff\new_algo_001_init_20260627\formal\co2_open_flow_0620_mature_20260627_r1\co2_r2\p030_T10_400ppm_fit\samples_machine_readable.csv,48034,46bb348919102c81e399079786d59c7c59ea9d5c519d5f219f5c0615c612dd2d
new_algorithm_shadow_run:co2,point_sidecar,D:\gas_calibrator\_worktrees\v1_5_fixed_wait_window_gate_1aee26d_clean\_handoff\new_algo_001_init_20260627\formal\co2_open_flow_0620_mature_20260627_r1\co2_r2\p031_T10_500ppm_fit\formal_open_flow_sidecar_metadata.json,1206,047a776ea8a4b98694bd8e91502ac5b7bb9e52c88abd2b99cd4899df11d26841
new_algorithm_shadow_run:co2,point_samples,D:\gas_calibrator\_worktrees\v1_5_fixed_wait_window_gate_1aee26d_clean\_handoff\new_algo_001_init_20260627\formal\co2_open_flow_0620_mature_20260627_r1\co2_r2\p031_T10_500ppm_fit\samples_machine_readable.csv,47985,32d676fcd8742e67c2121b818539024b73fb7793108a9d7487af2ef5b9c2ca73
new_algorithm_shadow_run:co2,point_sidecar,D:\gas_calibrator\_worktrees\v1_5_fixed_wait_window_gate_1aee26d_clean\_handoff\new_algo_001_init_20260627\formal\co2_open_flow_0620_mature_20260627_r1\co2_r2\p032_T10_600ppm_fit\formal_open_flow_sidecar_metadata.json,1204,fc3275af027d066461cf381ac564821934ab001d267ebc5c353ef909cbb048ba
new_algorithm_shadow_run:co2,point_samples,D:\gas_calibrator\_worktrees\v1_5_fixed_wait_window_gate_1aee26d_clean\_handoff\new_algo_001_init_20260627\formal\co2_open_flow_0620_mature_20260627_r1\co2_r2\p032_T10_600ppm_fit\samples_machine_readable.csv,48102,8df954f5673173911d79bc190971860112a5a87c0ae59df30c303cb20ababb81
new_algorithm_shadow_run:co2,point_sidecar,D:\gas_calibrator\_worktrees\v1_5_fixed_wait_window_gate_1aee26d_clean\_handoff\new_algo_001_init_20260627\formal\co2_open_flow_0620_mature_20260627_r1\co2_r2\p033_T10_700ppm_fit\formal_open_flow_sidecar_metadata.json,1206,143e3f0c9b3df07081a0f2fda1afc96e505b7ce1e37916993ef346bf31e3ac59
new_algorithm_shadow_run:co2,point_samples,D:\gas_calibrator\_worktrees\v1_5_fixed_wait_window_gate_1aee26d_clean\_handoff\new_algo_001_init_20260627\formal\co2_open_flow_0620_mature_20260627_r1\co2_r2\p033_T10_700ppm_fit\samples_machine_readable.csv,48059,4e4d8436008c5b4dd8c01bbc2bc61713dbde774719634dcf88445086f418b0a8
new_algorithm_shadow_run:co2,point_sidecar,D:\gas_calibrator\_worktrees\v1_5_fixed_wait_window_gate_1aee26d_clean\_handoff\new_algo_001_init_20260627\formal\co2_open_flow_0620_mature_20260627_r1\co2_r2\p034_T10_800ppm_fit\formal_open_flow_sidecar_metadata.json,1204,fc5539a33c9424e6275f5e7b16b138d99da90778f6c1384287ee222c14571d4a
new_algorithm_shadow_run:co2,point_samples,D:\gas_calibrator\_worktrees\v1_5_fixed_wait_window_gate_1aee26d_clean\_handoff\new_algo_001_init_20260627\formal\co2_open_flow_0620_mature_20260627_r1\co2_r2\p034_T10_800ppm_fit\samples_machine_readable.csv,48093,6c9f663bf2490426f190a401ae89d82c89972f48ec411b9429aded90302aa837
new_algorithm_shadow_run:co2,point_sidecar,D:\gas_calibrator\_worktrees\v1_5_fixed_wait_window_gate_1aee26d_clean\_handoff\new_algo_001_init_20260627\formal\co2_open_flow_0620_mature_20260627_r1\co2_r2\p035_T10_900ppm_fit\formal_open_flow_sidecar_metadata.json,1206,8cc1f42ad12d91ae289997e698ca65da99621d5a4a7a9cfc476ebd052c633c44
new_algorithm_shadow_run:co2,point_samples,D:\gas_calibrator\_worktrees\v1_5_fixed_wait_window_gate_1aee26d_clean\_handoff\new_algo_001_init_20260627\formal\co2_open_flow_0620_mature_20260627_r1\co2_r2\p035_T10_900ppm_fit\samples_machine_readable.csv,48066,dbb8c6d1f3c7b8f5853a03112c811beaab099562c215e2746c2a0f1df6acc5cb
new_algorithm_shadow_run:co2,point_sidecar,D:\gas_calibrator\_worktrees\v1_5_fixed_wait_window_gate_1aee26d_clean\_handoff\new_algo_001_init_20260627\formal\co2_open_flow_0620_mature_20260627_r1\co2_r2\p036_T10_1000ppm_fit\formal_open_flow_sidecar_metadata.json,1206,dd455d9a05967da2eade48dd5d883dad6856e046f1a847c9b71d424338b5d089
new_algorithm_shadow_run:co2,point_samples,D:\gas_calibrator\_worktrees\v1_5_fixed_wait_window_gate_1aee26d_clean\_handoff\new_algo_001_init_20260627\formal\co2_open_flow_0620_mature_20260627_r1\co2_r2\p036_T10_1000ppm_fit\samples_machine_readable.csv,48123,f0d43f98c9920367fcb35e91055efe400d0bd373059ac30d1c49d9f22e192e93
new_algorithm_shadow_run:co2,point_sidecar,D:\gas_calibrator\_worktrees\v1_5_fixed_wait_window_gate_1aee26d_clean\_handoff\new_algo_001_init_20260627\formal\co2_open_flow_0620_mature_20260627_r1\co2_r2\p037_T0_0ppm_fit\formal_open_flow_sidecar_metadata.json,1199,346f44457cc152eb9b98a9b70fb189501489c1f438751cd60cd3342f231e752d
new_algorithm_shadow_run:co2,point_samples,D:\gas_calibrator\_worktrees\v1_5_fixed_wait_window_gate_1aee26d_clean\_handoff\new_algo_001_init_20260627\formal\co2_open_flow_0620_mature_20260627_r1\co2_r2\p037_T0_0ppm_fit\samples_machine_readable.csv,47853,fb9f014fb1697e27aaab874deb24abf10ccdd2c1de70ea7230b391aea1f3c800
new_algorithm_shadow_run:co2,point_sidecar,D:\gas_calibrator\_worktrees\v1_5_fixed_wait_window_gate_1aee26d_clean\_handoff\new_algo_001_init_20260627\formal\co2_open_flow_0620_mature_20260627_r1\co2_r2\p038_T0_400ppm_fit\formal_open_flow_sidecar_metadata.json,1203,6ee2d3fa5f22ccc7049b84aee760a3ede0d0509501caff48512490eb9cc45505
new_algorithm_shadow_run:co2,point_samples,D:\gas_calibrator\_worktrees\v1_5_fixed_wait_window_gate_1aee26d_clean\_handoff\new_algo_001_init_20260627\formal\co2_open_flow_0620_mature_20260627_r1\co2_r2\p038_T0_400ppm_fit\samples_machine_readable.csv,48045,8c724d82a801fd2f589a483f279a621fec226345b3b4159e874f264a1cd33470
new_algorithm_shadow_run:co2,point_sidecar,D:\gas_calibrator\_worktrees\v1_5_fixed_wait_window_gate_1aee26d_clean\_handoff\new_algo_001_init_20260627\formal\co2_open_flow_0620_mature_20260627_r1\co2_r2\p039_T0_1000ppm_fit\formal_open_flow_sidecar_metadata.json,1205,3d42f55a546baf27d7cd4bc611ece3d05309ef1374c0f0ce68a9ff609fedb7dd
new_algorithm_shadow_run:co2,point_samples,D:\gas_calibrator\_worktrees\v1_5_fixed_wait_window_gate_1aee26d_clean\_handoff\new_algo_001_init_20260627\formal\co2_open_flow_0620_mature_20260627_r1\co2_r2\p039_T0_1000ppm_fit\samples_machine_readable.csv,48080,7fb7e13b5d2c6892055f19603794381d2dddb10d4a7f9bf8e91881a4c510371f
new_algorithm_shadow_run:h2o,queue_summary,D:\gas_calibrator\_worktrees\v1_5_fixed_wait_window_gate_1aee26d_clean\_handoff\new_algo_001_init_20260627\formal\h2o_open_flow_0620_mature_20260628_live1\new_algo_001_h2o_open_flow_0620_mature_20260628_live1\queue_summary.json,4121,b29f029a18bb19cd535876d6d21af4b9147cc9fd0bdf5908f2951085df1b959f
new_algorithm_shadow_run:h2o,queue_manifest,D:\gas_calibrator\_worktrees\v1_5_fixed_wait_window_gate_1aee26d_clean\_handoff\new_algo_001_init_20260627\formal\h2o_open_flow_0620_mature_20260628_live1\new_algo_001_h2o_open_flow_0620_mature_20260628_live1\queue_manifest.csv,18033,18c69f86313ffed6e2a50c8c585a0ba05317604725f657e5369b17bfd48c8410
new_algorithm_shadow_run:h2o,point_sidecar,D:\gas_calibrator\_worktrees\v1_5_fixed_wait_window_gate_1aee26d_clean\_handoff\new_algo_001_init_20260627\formal\h2o_open_flow_0620_mature_20260628_live1\p001_T0_HG0C_50RH_h2o\formal_h2o_open_flow_sidecar_metadata.json,2081,0fbf9fcb47b55de2c2d7c97b220c3c653614fa5d97099f0b5c05f5b95090f73d
new_algorithm_shadow_run:h2o,point_samples,D:\gas_calibrator\_worktrees\v1_5_fixed_wait_window_gate_1aee26d_clean\_handoff\new_algo_001_init_20260627\formal\h2o_open_flow_0620_mature_20260628_live1\p001_T0_HG0C_50RH_h2o\samples_machine_readable.csv,51911,04122ff7cc6c197bdfe18c0584790f553968ecb1d4f3f863b36ee8d76037b919
new_algorithm_shadow_run:h2o,point_sidecar,D:\gas_calibrator\_worktrees\v1_5_fixed_wait_window_gate_1aee26d_clean\_handoff\new_algo_001_init_20260627\formal\h2o_open_flow_0620_mature_20260628_live1\p002_T10_HG10C_30RH_h2o\formal_h2o_open_flow_sidecar_metadata.json,2083,6afc0adf80a8f4ff31b0b5922c80604ec0956a13387614a040738842a5df0f19
new_algorithm_shadow_run:h2o,point_samples,D:\gas_calibrator\_worktrees\v1_5_fixed_wait_window_gate_1aee26d_clean\_handoff\new_algo_001_init_20260627\formal\h2o_open_flow_0620_mature_20260628_live1\p002_T10_HG10C_30RH_h2o\samples_machine_readable.csv,52109,1603e8e72f738cb1d1257fb3432f07329424bc94f464d898c7234d367bcced16
new_algorithm_shadow_run:h2o,point_sidecar,D:\gas_calibrator\_worktrees\v1_5_fixed_wait_window_gate_1aee26d_clean\_handoff\new_algo_001_init_20260627\formal\h2o_open_flow_0620_mature_20260628_live1\p003_T10_HG10C_50RH_h2o\formal_h2o_open_flow_sidecar_metadata.json,2083,cf110ac584cf15bc698c245b3ce2953010d20be9216a865c1997f07186ff44f5
new_algorithm_shadow_run:h2o,point_samples,D:\gas_calibrator\_worktrees\v1_5_fixed_wait_window_gate_1aee26d_clean\_handoff\new_algo_001_init_20260627\formal\h2o_open_flow_0620_mature_20260628_live1\p003_T10_HG10C_50RH_h2o\samples_machine_readable.csv,43172,fe8291b1727b80f45435c5882f7faed18b190cc80e30fb4d483d663fbf77c5f6
new_algorithm_shadow_run:h2o,point_sidecar,D:\gas_calibrator\_worktrees\v1_5_fixed_wait_window_gate_1aee26d_clean\_handoff\new_algo_001_init_20260627\formal\h2o_open_flow_0620_mature_20260628_live1\p004_T10_HG10C_70RH_h2o\formal_h2o_open_flow_sidecar_metadata.json,2083,19663c34e96017fdea8a1080770dd474600b6e654ea9ccfe6dbbe347c0cd0da5
new_algorithm_shadow_run:h2o,point_samples,D:\gas_calibrator\_worktrees\v1_5_fixed_wait_window_gate_1aee26d_clean\_handoff\new_algo_001_init_20260627\formal\h2o_open_flow_0620_mature_20260628_live1\p004_T10_HG10C_70RH_h2o\samples_machine_readable.csv,52091,8457a774dab0709e0d3c66997e4d7951b3e28e7868f97e9e05f9a87541c48404
new_algorithm_shadow_run:h2o,point_sidecar,D:\gas_calibrator\_worktrees\v1_5_fixed_wait_window_gate_1aee26d_clean\_handoff\new_algo_001_init_20260627\formal\h2o_open_flow_0620_mature_20260628_live1\p005_T20_HG20C_30RH_h2o\formal_h2o_open_flow_sidecar_metadata.json,2083,ccb522ca1106b3c7923cae0ad98612dadd5930b201421326787b2721065ad412
new_algorithm_shadow_run:h2o,point_samples,D:\gas_calibrator\_worktrees\v1_5_fixed_wait_window_gate_1aee26d_clean\_handoff\new_algo_001_init_20260627\formal\h2o_open_flow_0620_mature_20260628_live1\p005_T20_HG20C_30RH_h2o\samples_machine_readable.csv,52207,6b4453c82f9fec682ecbe6794e8862c45c6feb7daa630c10957586a3eaddca6d
new_algorithm_shadow_run:h2o,point_sidecar,D:\gas_calibrator\_worktrees\v1_5_fixed_wait_window_gate_1aee26d_clean\_handoff\new_algo_001_init_20260627\formal\h2o_open_flow_0620_mature_20260628_live1\p006_T20_HG20C_50RH_h2o\formal_h2o_open_flow_sidecar_metadata.json,2084,7d0dab5dedc3751d0a58511f0397a3e00bff1428bed275bac00d97773003b3c2
new_algorithm_shadow_run:h2o,point_samples,D:\gas_calibrator\_worktrees\v1_5_fixed_wait_window_gate_1aee26d_clean\_handoff\new_algo_001_init_20260627\formal\h2o_open_flow_0620_mature_20260628_live1\p006_T20_HG20C_50RH_h2o\samples_machine_readable.csv,52244,10b501e71f31071b5d30d5141e612d07dac6afba3ffabddf0b1245f50eecea12
new_algorithm_shadow_run:h2o,point_sidecar,D:\gas_calibrator\_worktrees\v1_5_fixed_wait_window_gate_1aee26d_clean\_handoff\new_algo_001_init_20260627\formal\h2o_open_flow_0620_mature_20260628_live1\p007_T20_HG20C_70RH_h2o\formal_h2o_open_flow_sidecar_metadata.json,2085,ebb9e125e38752dfa4312dc7ee66e0b090d687b31aceb0b5e3678fffc7c8b8dc
new_algorithm_shadow_run:h2o,point_samples,D:\gas_calibrator\_worktrees\v1_5_fixed_wait_window_gate_1aee26d_clean\_handoff\new_algo_001_init_20260627\formal\h2o_open_flow_0620_mature_20260628_live1\p007_T20_HG20C_70RH_h2o\samples_machine_readable.csv,52323,935e1d2f8e444f6129b01e2f6bbac5fa73b2ea433f38aa83e7b67e7728837065
new_algorithm_shadow_run:h2o,point_sidecar,D:\gas_calibrator\_worktrees\v1_5_fixed_wait_window_gate_1aee26d_clean\_handoff\new_algo_001_init_20260627\formal\h2o_open_flow_0620_mature_20260628_live1\p008_T30_HG20C_30RH_h2o\formal_h2o_open_flow_sidecar_metadata.json,2083,089dba7cbf0fd92b8cff6ca1f72e2163482c4812f80c9a95e02f3770ad85b8ce
new_algorithm_shadow_run:h2o,point_samples,D:\gas_calibrator\_worktrees\v1_5_fixed_wait_window_gate_1aee26d_clean\_handoff\new_algo_001_init_20260627\formal\h2o_open_flow_0620_mature_20260628_live1\p008_T30_HG20C_30RH_h2o\samples_machine_readable.csv,52295,3a7a81437d7a6090e8a9bb8e2c2a7bade743c735c2bd1e594a026cfb0ee51cd6
new_algorithm_shadow_run:h2o,point_sidecar,D:\gas_calibrator\_worktrees\v1_5_fixed_wait_window_gate_1aee26d_clean\_handoff\new_algo_001_init_20260627\formal\h2o_open_flow_0620_mature_20260628_live1\p009_T30_HG20C_50RH_h2o\formal_h2o_open_flow_sidecar_metadata.json,2084,261597259d49b962c998a2b9576071fa5edc516025cf478afb86f14976dafac3
new_algorithm_shadow_run:h2o,point_samples,D:\gas_calibrator\_worktrees\v1_5_fixed_wait_window_gate_1aee26d_clean\_handoff\new_algo_001_init_20260627\formal\h2o_open_flow_0620_mature_20260628_live1\p009_T30_HG20C_50RH_h2o\samples_machine_readable.csv,52232,14a56785b0ae7c1547b5f126e2a042edec72a68a7fc18949e4c68d107b223b3d
new_algorithm_shadow_run:h2o,point_sidecar,D:\gas_calibrator\_worktrees\v1_5_fixed_wait_window_gate_1aee26d_clean\_handoff\new_algo_001_init_20260627\formal\h2o_open_flow_0620_mature_20260628_live1\p010_T30_HG20C_70RH_h2o\formal_h2o_open_flow_sidecar_metadata.json,2085,6f5b57e05fcaa0e3c9a546cc5ee619edb397ace89607031ff6341dd691831579
new_algorithm_shadow_run:h2o,point_samples,D:\gas_calibrator\_worktrees\v1_5_fixed_wait_window_gate_1aee26d_clean\_handoff\new_algo_001_init_20260627\formal\h2o_open_flow_0620_mature_20260628_live1\p010_T30_HG20C_70RH_h2o\samples_machine_readable.csv,52288,8f251505c7effeb7b518c801235cadf86cde0c2ab15e4c55e8f82aaa77a5051a
new_algorithm_shadow_run:h2o,point_sidecar,D:\gas_calibrator\_worktrees\v1_5_fixed_wait_window_gate_1aee26d_clean\_handoff\new_algo_001_init_20260627\formal\h2o_open_flow_0620_mature_20260628_live1\p011_T30_HG20C_90RH_h2o\formal_h2o_open_flow_sidecar_metadata.json,2084,90961e9ad7bc328d6450f81c62e6f2e4e9d97caa3fec2ac89a7183d5b20108c1
new_algorithm_shadow_run:h2o,point_samples,D:\gas_calibrator\_worktrees\v1_5_fixed_wait_window_gate_1aee26d_clean\_handoff\new_algo_001_init_20260627\formal\h2o_open_flow_0620_mature_20260628_live1\p011_T30_HG20C_90RH_h2o\samples_machine_readable.csv,52341,60d12c929bf95f640f88f891478da96157962d3268d809272c121bb2eeb34d25
new_algorithm_shadow_run:h2o,point_sidecar,D:\gas_calibrator\_worktrees\v1_5_fixed_wait_window_gate_1aee26d_clean\_handoff\new_algo_001_init_20260627\formal\h2o_open_flow_0620_mature_20260628_live1\p012_T40_HG30C_50RH_h2o\formal_h2o_open_flow_sidecar_metadata.json,2085,828f5b8b0987542784c92f1a959d66a7e8ed9602efa7fcc524fda9c36d76b4a2
new_algorithm_shadow_run:h2o,point_samples,D:\gas_calibrator\_worktrees\v1_5_fixed_wait_window_gate_1aee26d_clean\_handoff\new_algo_001_init_20260627\formal\h2o_open_flow_0620_mature_20260628_live1\p012_T40_HG30C_50RH_h2o\samples_machine_readable.csv,52237,b9b969c94516a2c0d6963dbaea8245b9f938e583b4916da4dd193bf7aa325098
new_algorithm_shadow_run:h2o,point_sidecar,D:\gas_calibrator\_worktrees\v1_5_fixed_wait_window_gate_1aee26d_clean\_handoff\new_algo_001_init_20260627\formal\h2o_open_flow_0620_mature_20260628_live1\p013_T40_HG30C_70RH_h2o\formal_h2o_open_flow_sidecar_metadata.json,2085,533b78996c6f55390ac9db2dd57c6ab17fd171cb90fb565d9d41f63d69e30e93
new_algorithm_shadow_run:h2o,point_samples,D:\gas_calibrator\_worktrees\v1_5_fixed_wait_window_gate_1aee26d_clean\_handoff\new_algo_001_init_20260627\formal\h2o_open_flow_0620_mature_20260628_live1\p013_T40_HG30C_70RH_h2o\samples_machine_readable.csv,52312,a47c53bf3fe8233778920e056bb0cec0f42778fc31b51bee1d76458f342ddf3c
