check_id,title,status,reason,expected,observed,physical_meaning,blocks_replay_contract_release
historical_replay_is_offline_only,Historical replay remains offline evidence,pass,this contract exports only JSON/CSV/Markdown and performs no hardware or database action,"{""connects_postgresql"": false, ""controls_water_or_gas_routes"": false, ""not_real_acceptance_evidence"": true, ""opens_com_ports"": false, ""writes_coefficients"": false}","{""connects_postgresql"": false, ""controls_water_or_gas_routes"": false, ""not_real_acceptance_evidence"": true, ""opens_com_ports"": false, ""writes_coefficients"": false}","Replay can find program regressions, but it cannot replace a physical run, post-write reverify, archive closure, or database release.",False
replay_source_families_have_required_roles,Replay families keep the complete evidence chain roles,pass,"each replay family must carry initialization, pressure, CO2, H2O, QC, fit, reverify, and archive-status roles","[""initialization_readiness"", ""pressure_senco9_review"", ""co2_open_flow_points"", ""h2o_open_flow_points"", ""point_qc_and_quality_grade"", ""fit_input_review"", ""post_write_reverify"", ""archive_status""]","{""later_legacy_regression_runs"": [""initialization_readiness"", ""pressure_senco9_review"", ""co2_open_flow_points"", ""h2o_open_flow_points"", ""point_qc_and_quality_grade"", ""fit_input_review"", ""post_write_reverify"", ""archive_status""], ""mature_0620_legacy_ratio"": [""initialization_readiness"", ""pressure_senco9_review"", ""co2_open_flow_points"", ""h2o_open_flow_points"", ""point_qc_and_quality_grade"", ""fit_input_review"", ""post_write_reverify"", ""archive_status""], ""new_algorithm_shadow_run"": [""initialization_readiness"", ""pressure_senco9_review"", ""co2_open_flow_points"", ""h2o_open_flow_points"", ""point_qc_and_quality_grade"", ""fit_input_review"", ""post_write_reverify"", ""archive_status"", ""r0_evidence_review""]}",Historical data replay must preserve where each row came from and why it is or is not fit-eligible.,False
legacy_replay_uses_mature_ratio_profile,Legacy replay uses the mature ratio profile,pass,legacy replay must not silently reinterpret mature ratio data as absorption data,"{""co2"": ""R_CO2"", ""h2o"": ""R_H2O"", ""profile"": ""legacy_ratio_production""}","{""default_profile_id"": ""legacy_ratio_production"", ""later_legacy_inputs"": {""co2"": ""R_CO2"", ""h2o"": ""R_H2O""}, ""mature_0620_inputs"": {""co2"": ""R_CO2"", ""h2o"": ""R_H2O""}, ""profile_fit_input"": {""co2"": ""R_CO2"", ""h2o"": ""R_H2O""}, ""profile_mode"": ""legacy_ratio_R"", ""route_behavior"": ""preserve_mature_v1_5_0620_route_timing_and_quality_gates""}",The old algorithm's replay physics is ratio R; absorption A belongs only to the new algorithm shadow profile.,False
legacy_replay_preserves_45_13_counts,Legacy replay preserves mature CO2/H2O counts,pass,"historical replay may compare runs, but it must not redefine the mature route size","{""co2_formal_point_count"": 45, ""h2o_formal_wet_point_count"": 13}","{""later_legacy"": {""co2"": 45, ""h2o"": 13}, ""mature_0620"": {""co2"": 45, ""h2o"": 13}, ""profile_co2"": 45, ""profile_h2o"": 13}",The replay contract protects the 0620 mature point sequence from being diluted by diagnostics or retry fragments.,False
new_algorithm_replay_uses_absorption_shadow,"New algorithm replay is a fit-input shadow, not a route fork",pass,"new algorithm replay can evaluate A and supplemental candidates, but it cannot replace mature runners","{""candidate"": ""47/14"", ""formal"": ""45/13"", ""formula"": ""A=-ln(R/R0(T))/(P_kPa/100)"", ""production_default"": false}","{""production_default"": false, ""profile_counts"": {""co2_candidate"": 47, ""co2_formal"": 45, ""h2o_candidate"": 14, ""h2o_formal"": 13}, ""profile_fit_input"": {""co2"": ""A_CO2_from_R_CO2_and_R0_CO2_T"", ""formula"": ""A=-ln(R/R0(T))/(P_kPa/100)"", ""h2o"": ""A_H2O_from_R_H2O_and_R0_H2O_T""}, ""profile_mode"": ""absorption_ratio_A"", ""shadow_formula"": ""A=-ln(R/R0(T))/(P_kPa/100)""}",The new algorithm changes concentration math through A and R0(T); it does not authorize a second physical route runner.,False
new_algorithm_replay_requires_r0_evidence,Absorption replay requires R0 evidence and keeps R0 writer blocked,pass,A=-ln(R/R0)/(P/100) cannot be production-complete without R0_CO2(T)/R0_H2O(T) evidence and writer/readback contracts,R0 evidence role present and SENCOA/SENCOB production release blocked,"{""r0_contract"": {""components"": [{""coefficient_group"": ""SENCOA"", ""component"": ""co2"", ""controlled_writer"": """", ""controlled_writer_status"": ""missing_controlled_writer"", ""fit_input_equation"": ""A_CO2=-ln(R_CO2/R0_CO2(T))/(P_kPa/100)"", ""notes"": ""R0_CO2 is required before the absorption profile can be called a complete production chain."", ""payload_contract"": ""R0_CO2_temperature_polynomial_or_reviewed_table_coefficients"", ""physical_quantity"": ""R0_CO2(T)"", ""production_blocker"": true, ""r0_source"": ""co2_zero_gas_only"", ""readback_group"": ""GETCOA"", ""readback_required"": true}, {""coefficient_group"": ""SENCOB"", ""component"": ""h2o"", ""controlled_writer"": """", ""controlled_writer_status"": ""missing_controlled_writer"", ""fit_input_equation"": ""A_H2O=-ln(R_H2O/R0_H2O(T))/(P_kPa/100)"", ""notes"": ""R0_H2O must use dewpoint/pressure/T1-backed residual-water evidence and must not force dry-gas water to zero."", ""payload_contract"": ""R0_H2O_temperature_polynomial_or_reviewed_table_coefficients"", ""physical_quantity"": ""R0_H2O(T)"", ""production_blocker"": true, ""r0_source"": ""co2_zero_gas_h2o_ratio_plus_dewpoint_pressure_evidence"", ""readback_group"": ""GETCOB"", ""readback_required"": true}], ""controlled_writer_preflight_tool"": ""gas_calibrator.tools.export_v1_5_sencoa_sencob_controlled_writer_preflight"", ""minimum_serial_command_gap_s"": 1.0, ""offline_writer_design_tool"": ""gas_calibrator.tools.export_v1_5_sencoa_sencob_writer_design_review"", ""payload_width"": 4, ""status"": ""blocked_until_controlled_sencoa_sencob_writer_exists"", ""write_requires"": [""R0_CO2_T_and_R0_H2O_T_model_review"", ""old_GETCOA_GETCOB_snapshot"", ""controlled_SENCOA_SENCOB_writer"", ""readback_verification"", ""rollback_to_old_GETCOA_GETCOB"", ""independent_CO2_and_H2O_no_write_reverification""], ""writer_implementation_status"": ""missing_real_writer_design_only""}, ""shadow_r0_evidence_required"": true, ""shadow_required_roles"": [""initialization_readiness"", ""pressure_senco9_review"", ""co2_open_flow_points"", ""h2o_open_flow_points"", ""point_qc_and_quality_grade"", ""fit_input_review"", ""post_write_reverify"", ""archive_status"", ""r0_evidence_review""]}",R0 is not a cosmetic metadata field; it is part of the physical absorption transform and must stay traceable.,False
replay_qc_rejections_remain_non_fit,Replay preserves QC rejection semantics,pass,historical rejected rows must not become fit-eligible just because replay needs more points,"{""fit_eligibility_requires_a_grade"": true, ""rejected_points_preserved_with_reason"": true, ""sample_quality_rejects_remain_rejected"": true}","{""later_legacy_regression_runs"": {""fit_eligibility_requires_a_grade"": true, ""rejected_points_preserved_with_reason"": true, ""sample_quality_rejects_remain_rejected"": true}, ""mature_0620_legacy_ratio"": {""fit_eligibility_requires_a_grade"": true, ""rejected_points_preserved_with_reason"": true, ""sample_quality_rejects_remain_rejected"": true}, ""new_algorithm_shadow_run"": {""fit_eligibility_requires_a_grade"": true, ""rejected_points_preserved_with_reason"": true, ""sample_quality_rejects_remain_rejected"": true}}","Replay should improve program confidence by preserving quality labels, not by washing out unstable or failed points.",False
replay_does_not_authorize_archive_or_database_release,Replay cannot release archive or database import,pass,"historical replay is regression evidence, not current-run archive or PostgreSQL 18 import evidence","{""database_import_allowed_from_replay"": false, ""formal_release_allowed_from_replay"": false, ""not_real_acceptance_evidence"": true}","{""later_legacy_regression_runs"": {""database_import_allowed_from_replay"": false, ""formal_release_allowed_from_replay"": false, ""not_real_acceptance_evidence"": true}, ""mature_0620_legacy_ratio"": {""database_import_allowed_from_replay"": false, ""formal_release_allowed_from_replay"": false, ""not_real_acceptance_evidence"": true}, ""new_algorithm_shadow_run"": {""database_import_allowed_from_replay"": false, ""formal_release_allowed_from_replay"": false, ""not_real_acceptance_evidence"": true}}",A replay pass can say the program still understands old evidence; it cannot say today's run is ready to release.,False
evidence_zone_is_not_code_source,Historical evidence zones remain evidence-only,pass,_handoff and root-draft evidence can be read as historical inputs only; formal code still comes from the clean V1.5 worktree,read historical evidence without promoting _handoff/root drafts to formal entrypoints,"{""clean_worktree_is_source_of_truth"": true, ""handoff_is_evidence_only"": true, ""root_draft_is_not_formal_source"": true}",This prevents replay from reintroducing the earlier V1/V2/root/worktree mixing problem.,False
