timestamp,point_index,point_phase,point_tag,temperature_c,co2_ppm,co2_group,cylinder_nominal_ppm,analyzer_id,humidity_pct,route,sample_co2_ppm,sample_h2o_mmol,h2o_signal,co2_signal,co2_ratio_f,co2_ratio_raw,h2o_ratio_f,h2o_ratio_raw,ref_signal,pressure_hpa,pressure_gauge_hpa,pressure_reference_status,thermometer_temp_c,thermometer_reference_status,dew_point_c,analyzer_pressure_kpa,analyzer_chamber_temp_c,case_temp_c,frame_has_data,frame_usable,frame_status,sample_index,stability_time_s,total_time_s
2026-04-30T06:59:31.093773+00:00,8,co2,co2_groupa_400ppm_1100hpa,20.0,400.0,A,400.0,ga01,,co2,40.0,2.0,2.0,40.0,0.04,0.04,0.02,0.02,1001.0,1100.0,1100.0,healthy,,,8.0,110.0,20.0,20.0,True,True,ok,1,0.00848130000031233,0.06377060000022539
2026-04-30T06:59:31.094092+00:00,8,co2,co2_groupa_400ppm_1100hpa,20.0,400.0,A,400.0,ga02,,co2,42.0,2.15,2.15,42.0,0.042,0.042,0.0215,0.0215,1002.0,1100.0,1100.0,healthy,,,8.0,110.0,20.0,20.0,True,True,ok,1,0.00848130000031233,0.06377060000022539
2026-04-30T06:59:31.094280+00:00,8,co2,co2_groupa_400ppm_1100hpa,20.0,400.0,A,400.0,ga03,,co2,44.0,2.3,2.3,44.0,0.044,0.044,0.023,0.023,1003.0,1100.0,1100.0,healthy,,,8.0,110.0,20.0,20.0,True,True,ok,1,0.00848130000031233,0.06377060000022539
2026-04-30T06:59:31.094430+00:00,8,co2,co2_groupa_400ppm_1100hpa,20.0,400.0,A,400.0,ga04,,co2,46.0,2.45,2.45,46.0,0.046,0.046,0.0245,0.0245,1004.0,1100.0,1100.0,healthy,,,8.0,110.0,20.0,20.0,True,True,ok,1,0.00848130000031233,0.06377060000022539
2026-04-30T06:59:31.094556+00:00,8,co2,co2_groupa_400ppm_1100hpa,20.0,400.0,A,400.0,ga05,,co2,48.0,2.6,2.6,48.0,0.048,0.048,0.026000000000000002,0.026000000000000002,1005.0,1100.0,1100.0,healthy,,,8.0,110.0,20.0,20.0,True,True,ok,1,0.00848130000031233,0.06377060000022539
2026-04-30T06:59:31.094698+00:00,8,co2,co2_groupa_400ppm_1100hpa,20.0,400.0,A,400.0,ga06,,co2,50.0,2.75,2.75,50.0,0.05,0.05,0.0275,0.0275,1006.0,1100.0,1100.0,healthy,,,8.0,110.0,20.0,20.0,True,True,ok,1,0.00848130000031233,0.06377060000022539
2026-04-30T06:59:31.094879+00:00,8,co2,co2_groupa_400ppm_1100hpa,20.0,400.0,A,400.0,ga07,,co2,52.0,2.9,2.9,52.0,0.052,0.052,0.028999999999999998,0.028999999999999998,1007.0,1100.0,1100.0,healthy,,,8.0,110.0,20.0,20.0,True,True,ok,1,0.00848130000031233,0.06377060000022539
2026-04-30T06:59:31.095028+00:00,8,co2,co2_groupa_400ppm_1100hpa,20.0,400.0,A,400.0,ga08,,co2,54.0,3.05,3.05,54.0,0.054,0.054,0.0305,0.0305,1008.0,1100.0,1100.0,healthy,,,8.0,110.0,20.0,20.0,True,True,ok,1,0.00848130000031233,0.06377060000022539
2026-04-30T06:59:31.147085+00:00,8,co2,co2_groupa_400ppm_1100hpa,20.0,400.0,A,400.0,ga01,,co2,40.0,1.75,1.75,40.0,0.04,0.04,0.0175,0.0175,1001.0,1100.0,1100.0,healthy,,,12.0,110.0,25.0,25.0,True,True,ok,2,0.00848130000031233,0.06377060000022539
2026-04-30T06:59:31.147250+00:00,8,co2,co2_groupa_400ppm_1100hpa,20.0,400.0,A,400.0,ga02,,co2,42.0,1.9,1.9,42.0,0.042,0.042,0.019,0.019,1002.0,1100.0,1100.0,healthy,,,12.0,110.0,25.0,25.0,True,True,ok,2,0.00848130000031233,0.06377060000022539
2026-04-30T06:59:31.147385+00:00,8,co2,co2_groupa_400ppm_1100hpa,20.0,400.0,A,400.0,ga03,,co2,44.0,2.05,2.05,44.0,0.044,0.044,0.020499999999999997,0.020499999999999997,1003.0,1100.0,1100.0,healthy,,,12.0,110.0,25.0,25.0,True,True,ok,2,0.00848130000031233,0.06377060000022539
2026-04-30T06:59:31.147511+00:00,8,co2,co2_groupa_400ppm_1100hpa,20.0,400.0,A,400.0,ga04,,co2,46.0,2.2,2.2,46.0,0.046,0.046,0.022000000000000002,0.022000000000000002,1004.0,1100.0,1100.0,healthy,,,12.0,110.0,25.0,25.0,True,True,ok,2,0.00848130000031233,0.06377060000022539
2026-04-30T06:59:31.147641+00:00,8,co2,co2_groupa_400ppm_1100hpa,20.0,400.0,A,400.0,ga05,,co2,48.0,2.35,2.35,48.0,0.048,0.048,0.0235,0.0235,1005.0,1100.0,1100.0,healthy,,,12.0,110.0,25.0,25.0,True,True,ok,2,0.00848130000031233,0.06377060000022539
2026-04-30T06:59:31.147762+00:00,8,co2,co2_groupa_400ppm_1100hpa,20.0,400.0,A,400.0,ga06,,co2,50.0,2.5,2.5,50.0,0.05,0.05,0.025,0.025,1006.0,1100.0,1100.0,healthy,,,12.0,110.0,25.0,25.0,True,True,ok,2,0.00848130000031233,0.06377060000022539
2026-04-30T06:59:31.147886+00:00,8,co2,co2_groupa_400ppm_1100hpa,20.0,400.0,A,400.0,ga07,,co2,52.0,2.65,2.65,52.0,0.052,0.052,0.0265,0.0265,1007.0,1100.0,1100.0,healthy,,,12.0,110.0,25.0,25.0,True,True,ok,2,0.00848130000031233,0.06377060000022539
2026-04-30T06:59:31.147948+00:00,8,co2,co2_groupa_400ppm_1100hpa,20.0,400.0,A,400.0,ga08,,co2,54.0,2.8,2.8,54.0,0.054,0.054,0.027999999999999997,0.027999999999999997,1008.0,1100.0,1100.0,healthy,,,12.0,110.0,25.0,25.0,True,True,ok,2,0.00848130000031233,0.06377060000022539
2026-04-30T06:59:31.173932+00:00,6,co2,co2_groupa_400ppm_1000hpa,20.0,400.0,A,400.0,ga01,,co2,40.0,1.75,1.75,40.0,0.04,0.04,0.0175,0.0175,1001.0,1000.0,1000.0,healthy,,,12.0,100.0,25.0,25.0,True,True,ok,1,0.015764499999932013,0.06864170000017111
2026-04-30T06:59:31.174021+00:00,6,co2,co2_groupa_400ppm_1000hpa,20.0,400.0,A,400.0,ga02,,co2,42.0,1.9,1.9,42.0,0.042,0.042,0.019,0.019,1002.0,1000.0,1000.0,healthy,,,12.0,100.0,25.0,25.0,True,True,ok,1,0.015764499999932013,0.06864170000017111
2026-04-30T06:59:31.174089+00:00,6,co2,co2_groupa_400ppm_1000hpa,20.0,400.0,A,400.0,ga03,,co2,44.0,2.05,2.05,44.0,0.044,0.044,0.020499999999999997,0.020499999999999997,1003.0,1000.0,1000.0,healthy,,,12.0,100.0,25.0,25.0,True,True,ok,1,0.015764499999932013,0.06864170000017111
2026-04-30T06:59:31.174171+00:00,6,co2,co2_groupa_400ppm_1000hpa,20.0,400.0,A,400.0,ga04,,co2,46.0,2.2,2.2,46.0,0.046,0.046,0.022000000000000002,0.022000000000000002,1004.0,1000.0,1000.0,healthy,,,12.0,100.0,25.0,25.0,True,True,ok,1,0.015764499999932013,0.06864170000017111
2026-04-30T06:59:31.174231+00:00,6,co2,co2_groupa_400ppm_1000hpa,20.0,400.0,A,400.0,ga05,,co2,48.0,2.35,2.35,48.0,0.048,0.048,0.0235,0.0235,1005.0,1000.0,1000.0,healthy,,,12.0,100.0,25.0,25.0,True,True,ok,1,0.015764499999932013,0.06864170000017111
2026-04-30T06:59:31.174325+00:00,6,co2,co2_groupa_400ppm_1000hpa,20.0,400.0,A,400.0,ga06,,co2,50.0,2.5,2.5,50.0,0.05,0.05,0.025,0.025,1006.0,1000.0,1000.0,healthy,,,12.0,100.0,25.0,25.0,True,True,ok,1,0.015764499999932013,0.06864170000017111
2026-04-30T06:59:31.174389+00:00,6,co2,co2_groupa_400ppm_1000hpa,20.0,400.0,A,400.0,ga07,,co2,52.0,2.65,2.65,52.0,0.052,0.052,0.0265,0.0265,1007.0,1000.0,1000.0,healthy,,,12.0,100.0,25.0,25.0,True,True,ok,1,0.015764499999932013,0.06864170000017111
2026-04-30T06:59:31.174444+00:00,6,co2,co2_groupa_400ppm_1000hpa,20.0,400.0,A,400.0,ga08,,co2,54.0,2.8,2.8,54.0,0.054,0.054,0.027999999999999997,0.027999999999999997,1008.0,1000.0,1000.0,healthy,,,12.0,100.0,25.0,25.0,True,True,ok,1,0.015764499999932013,0.06864170000017111
2026-04-30T06:59:31.225030+00:00,6,co2,co2_groupa_400ppm_1000hpa,20.0,400.0,A,400.0,ga01,,co2,40.0,1.75,1.75,40.0,0.04,0.04,0.0175,0.0175,1001.0,1000.0,1000.0,healthy,,,12.0,100.0,25.0,25.0,True,True,ok,2,0.015764499999932013,0.06864170000017111
2026-04-30T06:59:31.225184+00:00,6,co2,co2_groupa_400ppm_1000hpa,20.0,400.0,A,400.0,ga02,,co2,42.0,1.9,1.9,42.0,0.042,0.042,0.019,0.019,1002.0,1000.0,1000.0,healthy,,,12.0,100.0,25.0,25.0,True,True,ok,2,0.015764499999932013,0.06864170000017111
2026-04-30T06:59:31.225259+00:00,6,co2,co2_groupa_400ppm_1000hpa,20.0,400.0,A,400.0,ga03,,co2,44.0,2.05,2.05,44.0,0.044,0.044,0.020499999999999997,0.020499999999999997,1003.0,1000.0,1000.0,healthy,,,12.0,100.0,25.0,25.0,True,True,ok,2,0.015764499999932013,0.06864170000017111
2026-04-30T06:59:31.225332+00:00,6,co2,co2_groupa_400ppm_1000hpa,20.0,400.0,A,400.0,ga04,,co2,46.0,2.2,2.2,46.0,0.046,0.046,0.022000000000000002,0.022000000000000002,1004.0,1000.0,1000.0,healthy,,,12.0,100.0,25.0,25.0,True,True,ok,2,0.015764499999932013,0.06864170000017111
2026-04-30T06:59:31.225397+00:00,6,co2,co2_groupa_400ppm_1000hpa,20.0,400.0,A,400.0,ga05,,co2,48.0,2.35,2.35,48.0,0.048,0.048,0.0235,0.0235,1005.0,1000.0,1000.0,healthy,,,12.0,100.0,25.0,25.0,True,True,ok,2,0.015764499999932013,0.06864170000017111
2026-04-30T06:59:31.225467+00:00,6,co2,co2_groupa_400ppm_1000hpa,20.0,400.0,A,400.0,ga06,,co2,50.0,2.5,2.5,50.0,0.05,0.05,0.025,0.025,1006.0,1000.0,1000.0,healthy,,,12.0,100.0,25.0,25.0,True,True,ok,2,0.015764499999932013,0.06864170000017111
2026-04-30T06:59:31.225529+00:00,6,co2,co2_groupa_400ppm_1000hpa,20.0,400.0,A,400.0,ga07,,co2,52.0,2.65,2.65,52.0,0.052,0.052,0.0265,0.0265,1007.0,1000.0,1000.0,healthy,,,12.0,100.0,25.0,25.0,True,True,ok,2,0.015764499999932013,0.06864170000017111
2026-04-30T06:59:31.225593+00:00,6,co2,co2_groupa_400ppm_1000hpa,20.0,400.0,A,400.0,ga08,,co2,54.0,2.8,2.8,54.0,0.054,0.054,0.027999999999999997,0.027999999999999997,1008.0,1000.0,1000.0,healthy,,,12.0,100.0,25.0,25.0,True,True,ok,2,0.015764499999932013,0.06864170000017111
2026-04-30T06:59:31.256198+00:00,7,co2,co2_groupa_400ppm_800hpa,20.0,400.0,A,400.0,ga01,,co2,40.0,1.75,1.75,40.0,0.04,0.04,0.0175,0.0175,1001.0,800.0,800.0,healthy,,,12.0,80.0,25.0,25.0,True,True,ok,1,0.012381200000163517,0.06595690000040122
2026-04-30T06:59:31.256312+00:00,7,co2,co2_groupa_400ppm_800hpa,20.0,400.0,A,400.0,ga02,,co2,42.0,1.9,1.9,42.0,0.042,0.042,0.019,0.019,1002.0,800.0,800.0,healthy,,,12.0,80.0,25.0,25.0,True,True,ok,1,0.012381200000163517,0.06595690000040122
2026-04-30T06:59:31.256389+00:00,7,co2,co2_groupa_400ppm_800hpa,20.0,400.0,A,400.0,ga03,,co2,44.0,2.05,2.05,44.0,0.044,0.044,0.020499999999999997,0.020499999999999997,1003.0,800.0,800.0,healthy,,,12.0,80.0,25.0,25.0,True,True,ok,1,0.012381200000163517,0.06595690000040122
2026-04-30T06:59:31.256464+00:00,7,co2,co2_groupa_400ppm_800hpa,20.0,400.0,A,400.0,ga04,,co2,46.0,2.2,2.2,46.0,0.046,0.046,0.022000000000000002,0.022000000000000002,1004.0,800.0,800.0,healthy,,,12.0,80.0,25.0,25.0,True,True,ok,1,0.012381200000163517,0.06595690000040122
2026-04-30T06:59:31.256531+00:00,7,co2,co2_groupa_400ppm_800hpa,20.0,400.0,A,400.0,ga05,,co2,48.0,2.35,2.35,48.0,0.048,0.048,0.0235,0.0235,1005.0,800.0,800.0,healthy,,,12.0,80.0,25.0,25.0,True,True,ok,1,0.012381200000163517,0.06595690000040122
2026-04-30T06:59:31.256606+00:00,7,co2,co2_groupa_400ppm_800hpa,20.0,400.0,A,400.0,ga06,,co2,50.0,2.5,2.5,50.0,0.05,0.05,0.025,0.025,1006.0,800.0,800.0,healthy,,,12.0,80.0,25.0,25.0,True,True,ok,1,0.012381200000163517,0.06595690000040122
2026-04-30T06:59:31.256672+00:00,7,co2,co2_groupa_400ppm_800hpa,20.0,400.0,A,400.0,ga07,,co2,52.0,2.65,2.65,52.0,0.052,0.052,0.0265,0.0265,1007.0,800.0,800.0,healthy,,,12.0,80.0,25.0,25.0,True,True,ok,1,0.012381200000163517,0.06595690000040122
2026-04-30T06:59:31.256734+00:00,7,co2,co2_groupa_400ppm_800hpa,20.0,400.0,A,400.0,ga08,,co2,54.0,2.8,2.8,54.0,0.054,0.054,0.027999999999999997,0.027999999999999997,1008.0,800.0,800.0,healthy,,,12.0,80.0,25.0,25.0,True,True,ok,1,0.012381200000163517,0.06595690000040122
2026-04-30T06:59:31.307952+00:00,7,co2,co2_groupa_400ppm_800hpa,20.0,400.0,A,400.0,ga01,,co2,40.0,1.75,1.75,40.0,0.04,0.04,0.0175,0.0175,1001.0,800.0,800.0,healthy,,,12.0,80.0,25.0,25.0,True,True,ok,2,0.012381200000163517,0.06595690000040122
2026-04-30T06:59:31.308046+00:00,7,co2,co2_groupa_400ppm_800hpa,20.0,400.0,A,400.0,ga02,,co2,42.0,1.9,1.9,42.0,0.042,0.042,0.019,0.019,1002.0,800.0,800.0,healthy,,,12.0,80.0,25.0,25.0,True,True,ok,2,0.012381200000163517,0.06595690000040122
2026-04-30T06:59:31.308120+00:00,7,co2,co2_groupa_400ppm_800hpa,20.0,400.0,A,400.0,ga03,,co2,44.0,2.05,2.05,44.0,0.044,0.044,0.020499999999999997,0.020499999999999997,1003.0,800.0,800.0,healthy,,,12.0,80.0,25.0,25.0,True,True,ok,2,0.012381200000163517,0.06595690000040122
2026-04-30T06:59:31.308191+00:00,7,co2,co2_groupa_400ppm_800hpa,20.0,400.0,A,400.0,ga04,,co2,46.0,2.2,2.2,46.0,0.046,0.046,0.022000000000000002,0.022000000000000002,1004.0,800.0,800.0,healthy,,,12.0,80.0,25.0,25.0,True,True,ok,2,0.012381200000163517,0.06595690000040122
2026-04-30T06:59:31.308256+00:00,7,co2,co2_groupa_400ppm_800hpa,20.0,400.0,A,400.0,ga05,,co2,48.0,2.35,2.35,48.0,0.048,0.048,0.0235,0.0235,1005.0,800.0,800.0,healthy,,,12.0,80.0,25.0,25.0,True,True,ok,2,0.012381200000163517,0.06595690000040122
2026-04-30T06:59:31.308323+00:00,7,co2,co2_groupa_400ppm_800hpa,20.0,400.0,A,400.0,ga06,,co2,50.0,2.5,2.5,50.0,0.05,0.05,0.025,0.025,1006.0,800.0,800.0,healthy,,,12.0,80.0,25.0,25.0,True,True,ok,2,0.012381200000163517,0.06595690000040122
2026-04-30T06:59:31.308384+00:00,7,co2,co2_groupa_400ppm_800hpa,20.0,400.0,A,400.0,ga07,,co2,52.0,2.65,2.65,52.0,0.052,0.052,0.0265,0.0265,1007.0,800.0,800.0,healthy,,,12.0,80.0,25.0,25.0,True,True,ok,2,0.012381200000163517,0.06595690000040122
2026-04-30T06:59:31.308445+00:00,7,co2,co2_groupa_400ppm_800hpa,20.0,400.0,A,400.0,ga08,,co2,54.0,2.8,2.8,54.0,0.054,0.054,0.027999999999999997,0.027999999999999997,1008.0,800.0,800.0,healthy,,,12.0,80.0,25.0,25.0,True,True,ok,2,0.012381200000163517,0.06595690000040122
2026-04-30T06:59:31.342754+00:00,10,co2,co2_groupa_400ppm_600hpa,20.0,400.0,A,400.0,ga01,,co2,40.0,1.75,1.75,40.0,0.04,0.04,0.0175,0.0175,1001.0,600.0,600.0,healthy,,,12.0,60.0,25.0,25.0,True,True,ok,1,0.011616099999628204,0.06591919999982565
2026-04-30T06:59:31.342857+00:00,10,co2,co2_groupa_400ppm_600hpa,20.0,400.0,A,400.0,ga02,,co2,42.0,1.9,1.9,42.0,0.042,0.042,0.019,0.019,1002.0,600.0,600.0,healthy,,,12.0,60.0,25.0,25.0,True,True,ok,1,0.011616099999628204,0.06591919999982565
2026-04-30T06:59:31.342930+00:00,10,co2,co2_groupa_400ppm_600hpa,20.0,400.0,A,400.0,ga03,,co2,44.0,2.05,2.05,44.0,0.044,0.044,0.020499999999999997,0.020499999999999997,1003.0,600.0,600.0,healthy,,,12.0,60.0,25.0,25.0,True,True,ok,1,0.011616099999628204,0.06591919999982565
2026-04-30T06:59:31.343000+00:00,10,co2,co2_groupa_400ppm_600hpa,20.0,400.0,A,400.0,ga04,,co2,46.0,2.2,2.2,46.0,0.046,0.046,0.022000000000000002,0.022000000000000002,1004.0,600.0,600.0,healthy,,,12.0,60.0,25.0,25.0,True,True,ok,1,0.011616099999628204,0.06591919999982565
2026-04-30T06:59:31.343064+00:00,10,co2,co2_groupa_400ppm_600hpa,20.0,400.0,A,400.0,ga05,,co2,48.0,2.35,2.35,48.0,0.048,0.048,0.0235,0.0235,1005.0,600.0,600.0,healthy,,,12.0,60.0,25.0,25.0,True,True,ok,1,0.011616099999628204,0.06591919999982565
2026-04-30T06:59:31.343131+00:00,10,co2,co2_groupa_400ppm_600hpa,20.0,400.0,A,400.0,ga06,,co2,50.0,2.5,2.5,50.0,0.05,0.05,0.025,0.025,1006.0,600.0,600.0,healthy,,,12.0,60.0,25.0,25.0,True,True,ok,1,0.011616099999628204,0.06591919999982565
2026-04-30T06:59:31.343193+00:00,10,co2,co2_groupa_400ppm_600hpa,20.0,400.0,A,400.0,ga07,,co2,52.0,2.65,2.65,52.0,0.052,0.052,0.0265,0.0265,1007.0,600.0,600.0,healthy,,,12.0,60.0,25.0,25.0,True,True,ok,1,0.011616099999628204,0.06591919999982565
2026-04-30T06:59:31.343253+00:00,10,co2,co2_groupa_400ppm_600hpa,20.0,400.0,A,400.0,ga08,,co2,54.0,2.8,2.8,54.0,0.054,0.054,0.027999999999999997,0.027999999999999997,1008.0,600.0,600.0,healthy,,,12.0,60.0,25.0,25.0,True,True,ok,1,0.011616099999628204,0.06591919999982565
2026-04-30T06:59:31.394291+00:00,10,co2,co2_groupa_400ppm_600hpa,20.0,400.0,A,400.0,ga01,,co2,40.0,1.75,1.75,40.0,0.04,0.04,0.0175,0.0175,1001.0,600.0,600.0,healthy,,,12.0,60.0,25.0,25.0,True,True,ok,2,0.011616099999628204,0.06591919999982565
2026-04-30T06:59:31.394473+00:00,10,co2,co2_groupa_400ppm_600hpa,20.0,400.0,A,400.0,ga02,,co2,42.0,1.9,1.9,42.0,0.042,0.042,0.019,0.019,1002.0,600.0,600.0,healthy,,,12.0,60.0,25.0,25.0,True,True,ok,2,0.011616099999628204,0.06591919999982565
2026-04-30T06:59:31.394749+00:00,10,co2,co2_groupa_400ppm_600hpa,20.0,400.0,A,400.0,ga03,,co2,44.0,2.05,2.05,44.0,0.044,0.044,0.020499999999999997,0.020499999999999997,1003.0,600.0,600.0,healthy,,,12.0,60.0,25.0,25.0,True,True,ok,2,0.011616099999628204,0.06591919999982565
2026-04-30T06:59:31.394978+00:00,10,co2,co2_groupa_400ppm_600hpa,20.0,400.0,A,400.0,ga04,,co2,46.0,2.2,2.2,46.0,0.046,0.046,0.022000000000000002,0.022000000000000002,1004.0,600.0,600.0,healthy,,,12.0,60.0,25.0,25.0,True,True,ok,2,0.011616099999628204,0.06591919999982565
2026-04-30T06:59:31.395207+00:00,10,co2,co2_groupa_400ppm_600hpa,20.0,400.0,A,400.0,ga05,,co2,48.0,2.35,2.35,48.0,0.048,0.048,0.0235,0.0235,1005.0,600.0,600.0,healthy,,,12.0,60.0,25.0,25.0,True,True,ok,2,0.011616099999628204,0.06591919999982565
2026-04-30T06:59:31.395476+00:00,10,co2,co2_groupa_400ppm_600hpa,20.0,400.0,A,400.0,ga06,,co2,50.0,2.5,2.5,50.0,0.05,0.05,0.025,0.025,1006.0,600.0,600.0,healthy,,,12.0,60.0,25.0,25.0,True,True,ok,2,0.011616099999628204,0.06591919999982565
2026-04-30T06:59:31.395695+00:00,10,co2,co2_groupa_400ppm_600hpa,20.0,400.0,A,400.0,ga07,,co2,52.0,2.65,2.65,52.0,0.052,0.052,0.0265,0.0265,1007.0,600.0,600.0,healthy,,,12.0,60.0,25.0,25.0,True,True,ok,2,0.011616099999628204,0.06591919999982565
2026-04-30T06:59:31.395932+00:00,10,co2,co2_groupa_400ppm_600hpa,20.0,400.0,A,400.0,ga08,,co2,54.0,2.8,2.8,54.0,0.054,0.054,0.027999999999999997,0.027999999999999997,1008.0,600.0,600.0,healthy,,,12.0,60.0,25.0,25.0,True,True,ok,2,0.011616099999628204,0.06591919999982565
2026-04-30T06:59:32.120937+00:00,8,co2,co2_groupb_1000ppm_1100hpa,20.0,1000.0,B,1000.0,ga01,,co2,100.0,2.0,2.0,100.0,0.1,0.1,0.02,0.02,1001.0,1100.0,1100.0,healthy,,,8.0,110.0,20.0,20.0,True,True,ok,1,0.011524200000167184,0.06414730000005875
2026-04-30T06:59:32.121020+00:00,8,co2,co2_groupb_1000ppm_1100hpa,20.0,1000.0,B,1000.0,ga02,,co2,102.0,2.15,2.15,102.0,0.102,0.102,0.0215,0.0215,1002.0,1100.0,1100.0,healthy,,,8.0,110.0,20.0,20.0,True,True,ok,1,0.011524200000167184,0.06414730000005875
2026-04-30T06:59:32.121078+00:00,8,co2,co2_groupb_1000ppm_1100hpa,20.0,1000.0,B,1000.0,ga03,,co2,104.0,2.3,2.3,104.0,0.104,0.104,0.023,0.023,1003.0,1100.0,1100.0,healthy,,,8.0,110.0,20.0,20.0,True,True,ok,1,0.011524200000167184,0.06414730000005875
2026-04-30T06:59:32.121149+00:00,8,co2,co2_groupb_1000ppm_1100hpa,20.0,1000.0,B,1000.0,ga04,,co2,106.0,2.45,2.45,106.0,0.106,0.106,0.0245,0.0245,1004.0,1100.0,1100.0,healthy,,,8.0,110.0,20.0,20.0,True,True,ok,1,0.011524200000167184,0.06414730000005875
2026-04-30T06:59:32.121198+00:00,8,co2,co2_groupb_1000ppm_1100hpa,20.0,1000.0,B,1000.0,ga05,,co2,108.0,2.6,2.6,108.0,0.108,0.108,0.026000000000000002,0.026000000000000002,1005.0,1100.0,1100.0,healthy,,,8.0,110.0,20.0,20.0,True,True,ok,1,0.011524200000167184,0.06414730000005875
2026-04-30T06:59:32.121250+00:00,8,co2,co2_groupb_1000ppm_1100hpa,20.0,1000.0,B,1000.0,ga06,,co2,110.0,2.75,2.75,110.0,0.11,0.11,0.0275,0.0275,1006.0,1100.0,1100.0,healthy,,,8.0,110.0,20.0,20.0,True,True,ok,1,0.011524200000167184,0.06414730000005875
2026-04-30T06:59:32.121297+00:00,8,co2,co2_groupb_1000ppm_1100hpa,20.0,1000.0,B,1000.0,ga07,,co2,112.0,2.9,2.9,112.0,0.112,0.112,0.028999999999999998,0.028999999999999998,1007.0,1100.0,1100.0,healthy,,,8.0,110.0,20.0,20.0,True,True,ok,1,0.011524200000167184,0.06414730000005875
2026-04-30T06:59:32.121344+00:00,8,co2,co2_groupb_1000ppm_1100hpa,20.0,1000.0,B,1000.0,ga08,,co2,114.0,3.05,3.05,114.0,0.114,0.114,0.0305,0.0305,1008.0,1100.0,1100.0,healthy,,,8.0,110.0,20.0,20.0,True,True,ok,1,0.011524200000167184,0.06414730000005875
2026-04-30T06:59:32.172135+00:00,8,co2,co2_groupb_1000ppm_1100hpa,20.0,1000.0,B,1000.0,ga01,,co2,100.0,1.75,1.75,100.0,0.1,0.1,0.0175,0.0175,1001.0,1100.0,1100.0,healthy,,,12.0,110.0,25.0,25.0,True,True,ok,2,0.011524200000167184,0.06414730000005875
2026-04-30T06:59:32.172230+00:00,8,co2,co2_groupb_1000ppm_1100hpa,20.0,1000.0,B,1000.0,ga02,,co2,102.0,1.9,1.9,102.0,0.102,0.102,0.019,0.019,1002.0,1100.0,1100.0,healthy,,,12.0,110.0,25.0,25.0,True,True,ok,2,0.011524200000167184,0.06414730000005875
2026-04-30T06:59:32.172296+00:00,8,co2,co2_groupb_1000ppm_1100hpa,20.0,1000.0,B,1000.0,ga03,,co2,104.0,2.05,2.05,104.0,0.104,0.104,0.020499999999999997,0.020499999999999997,1003.0,1100.0,1100.0,healthy,,,12.0,110.0,25.0,25.0,True,True,ok,2,0.011524200000167184,0.06414730000005875
2026-04-30T06:59:32.172359+00:00,8,co2,co2_groupb_1000ppm_1100hpa,20.0,1000.0,B,1000.0,ga04,,co2,106.0,2.2,2.2,106.0,0.106,0.106,0.022000000000000002,0.022000000000000002,1004.0,1100.0,1100.0,healthy,,,12.0,110.0,25.0,25.0,True,True,ok,2,0.011524200000167184,0.06414730000005875
2026-04-30T06:59:32.172418+00:00,8,co2,co2_groupb_1000ppm_1100hpa,20.0,1000.0,B,1000.0,ga05,,co2,108.0,2.35,2.35,108.0,0.108,0.108,0.0235,0.0235,1005.0,1100.0,1100.0,healthy,,,12.0,110.0,25.0,25.0,True,True,ok,2,0.011524200000167184,0.06414730000005875
2026-04-30T06:59:32.172479+00:00,8,co2,co2_groupb_1000ppm_1100hpa,20.0,1000.0,B,1000.0,ga06,,co2,110.0,2.5,2.5,110.0,0.11,0.11,0.025,0.025,1006.0,1100.0,1100.0,healthy,,,12.0,110.0,25.0,25.0,True,True,ok,2,0.011524200000167184,0.06414730000005875
2026-04-30T06:59:32.172535+00:00,8,co2,co2_groupb_1000ppm_1100hpa,20.0,1000.0,B,1000.0,ga07,,co2,112.0,2.65,2.65,112.0,0.112,0.112,0.0265,0.0265,1007.0,1100.0,1100.0,healthy,,,12.0,110.0,25.0,25.0,True,True,ok,2,0.011524200000167184,0.06414730000005875
2026-04-30T06:59:32.172596+00:00,8,co2,co2_groupb_1000ppm_1100hpa,20.0,1000.0,B,1000.0,ga08,,co2,114.0,2.8,2.8,114.0,0.114,0.114,0.027999999999999997,0.027999999999999997,1008.0,1100.0,1100.0,healthy,,,12.0,110.0,25.0,25.0,True,True,ok,2,0.011524200000167184,0.06414730000005875
2026-04-30T06:59:32.207008+00:00,6,co2,co2_groupb_1000ppm_1000hpa,20.0,1000.0,B,1000.0,ga01,,co2,100.0,1.75,1.75,100.0,0.1,0.1,0.0175,0.0175,1001.0,1000.0,1000.0,healthy,,,12.0,100.0,25.0,25.0,True,True,ok,1,0.01260469999988345,0.0658806999999797
2026-04-30T06:59:32.207091+00:00,6,co2,co2_groupb_1000ppm_1000hpa,20.0,1000.0,B,1000.0,ga02,,co2,102.0,1.9,1.9,102.0,0.102,0.102,0.019,0.019,1002.0,1000.0,1000.0,healthy,,,12.0,100.0,25.0,25.0,True,True,ok,1,0.01260469999988345,0.0658806999999797
2026-04-30T06:59:32.207159+00:00,6,co2,co2_groupb_1000ppm_1000hpa,20.0,1000.0,B,1000.0,ga03,,co2,104.0,2.05,2.05,104.0,0.104,0.104,0.020499999999999997,0.020499999999999997,1003.0,1000.0,1000.0,healthy,,,12.0,100.0,25.0,25.0,True,True,ok,1,0.01260469999988345,0.0658806999999797
2026-04-30T06:59:32.207223+00:00,6,co2,co2_groupb_1000ppm_1000hpa,20.0,1000.0,B,1000.0,ga04,,co2,106.0,2.2,2.2,106.0,0.106,0.106,0.022000000000000002,0.022000000000000002,1004.0,1000.0,1000.0,healthy,,,12.0,100.0,25.0,25.0,True,True,ok,1,0.01260469999988345,0.0658806999999797
2026-04-30T06:59:32.207284+00:00,6,co2,co2_groupb_1000ppm_1000hpa,20.0,1000.0,B,1000.0,ga05,,co2,108.0,2.35,2.35,108.0,0.108,0.108,0.0235,0.0235,1005.0,1000.0,1000.0,healthy,,,12.0,100.0,25.0,25.0,True,True,ok,1,0.01260469999988345,0.0658806999999797
2026-04-30T06:59:32.207348+00:00,6,co2,co2_groupb_1000ppm_1000hpa,20.0,1000.0,B,1000.0,ga06,,co2,110.0,2.5,2.5,110.0,0.11,0.11,0.025,0.025,1006.0,1000.0,1000.0,healthy,,,12.0,100.0,25.0,25.0,True,True,ok,1,0.01260469999988345,0.0658806999999797
2026-04-30T06:59:32.207407+00:00,6,co2,co2_groupb_1000ppm_1000hpa,20.0,1000.0,B,1000.0,ga07,,co2,112.0,2.65,2.65,112.0,0.112,0.112,0.0265,0.0265,1007.0,1000.0,1000.0,healthy,,,12.0,100.0,25.0,25.0,True,True,ok,1,0.01260469999988345,0.0658806999999797
2026-04-30T06:59:32.207465+00:00,6,co2,co2_groupb_1000ppm_1000hpa,20.0,1000.0,B,1000.0,ga08,,co2,114.0,2.8,2.8,114.0,0.114,0.114,0.027999999999999997,0.027999999999999997,1008.0,1000.0,1000.0,healthy,,,12.0,100.0,25.0,25.0,True,True,ok,1,0.01260469999988345,0.0658806999999797
2026-04-30T06:59:32.258977+00:00,6,co2,co2_groupb_1000ppm_1000hpa,20.0,1000.0,B,1000.0,ga01,,co2,100.0,1.75,1.75,100.0,0.1,0.1,0.0175,0.0175,1001.0,1000.0,1000.0,healthy,,,12.0,100.0,25.0,25.0,True,True,ok,2,0.01260469999988345,0.0658806999999797
2026-04-30T06:59:32.259070+00:00,6,co2,co2_groupb_1000ppm_1000hpa,20.0,1000.0,B,1000.0,ga02,,co2,102.0,1.9,1.9,102.0,0.102,0.102,0.019,0.019,1002.0,1000.0,1000.0,healthy,,,12.0,100.0,25.0,25.0,True,True,ok,2,0.01260469999988345,0.0658806999999797
2026-04-30T06:59:32.259141+00:00,6,co2,co2_groupb_1000ppm_1000hpa,20.0,1000.0,B,1000.0,ga03,,co2,104.0,2.05,2.05,104.0,0.104,0.104,0.020499999999999997,0.020499999999999997,1003.0,1000.0,1000.0,healthy,,,12.0,100.0,25.0,25.0,True,True,ok,2,0.01260469999988345,0.0658806999999797
2026-04-30T06:59:32.259211+00:00,6,co2,co2_groupb_1000ppm_1000hpa,20.0,1000.0,B,1000.0,ga04,,co2,106.0,2.2,2.2,106.0,0.106,0.106,0.022000000000000002,0.022000000000000002,1004.0,1000.0,1000.0,healthy,,,12.0,100.0,25.0,25.0,True,True,ok,2,0.01260469999988345,0.0658806999999797
2026-04-30T06:59:32.259275+00:00,6,co2,co2_groupb_1000ppm_1000hpa,20.0,1000.0,B,1000.0,ga05,,co2,108.0,2.35,2.35,108.0,0.108,0.108,0.0235,0.0235,1005.0,1000.0,1000.0,healthy,,,12.0,100.0,25.0,25.0,True,True,ok,2,0.01260469999988345,0.0658806999999797
2026-04-30T06:59:32.259342+00:00,6,co2,co2_groupb_1000ppm_1000hpa,20.0,1000.0,B,1000.0,ga06,,co2,110.0,2.5,2.5,110.0,0.11,0.11,0.025,0.025,1006.0,1000.0,1000.0,healthy,,,12.0,100.0,25.0,25.0,True,True,ok,2,0.01260469999988345,0.0658806999999797
2026-04-30T06:59:32.259401+00:00,6,co2,co2_groupb_1000ppm_1000hpa,20.0,1000.0,B,1000.0,ga07,,co2,112.0,2.65,2.65,112.0,0.112,0.112,0.0265,0.0265,1007.0,1000.0,1000.0,healthy,,,12.0,100.0,25.0,25.0,True,True,ok,2,0.01260469999988345,0.0658806999999797
2026-04-30T06:59:32.259461+00:00,6,co2,co2_groupb_1000ppm_1000hpa,20.0,1000.0,B,1000.0,ga08,,co2,114.0,2.8,2.8,114.0,0.114,0.114,0.027999999999999997,0.027999999999999997,1008.0,1000.0,1000.0,healthy,,,12.0,100.0,25.0,25.0,True,True,ok,2,0.01260469999988345,0.0658806999999797
2026-04-30T06:59:32.299754+00:00,7,co2,co2_groupb_1000ppm_800hpa,20.0,1000.0,B,1000.0,ga01,,co2,100.0,1.75,1.75,100.0,0.1,0.1,0.0175,0.0175,1001.0,800.0,800.0,healthy,,,12.0,80.0,25.0,25.0,True,True,ok,1,0.010225600000012491,0.06564290000005712
2026-04-30T06:59:32.300197+00:00,7,co2,co2_groupb_1000ppm_800hpa,20.0,1000.0,B,1000.0,ga02,,co2,102.0,1.9,1.9,102.0,0.102,0.102,0.019,0.019,1002.0,800.0,800.0,healthy,,,12.0,80.0,25.0,25.0,True,True,ok,1,0.010225600000012491,0.06564290000005712
2026-04-30T06:59:32.300362+00:00,7,co2,co2_groupb_1000ppm_800hpa,20.0,1000.0,B,1000.0,ga03,,co2,104.0,2.05,2.05,104.0,0.104,0.104,0.020499999999999997,0.020499999999999997,1003.0,800.0,800.0,healthy,,,12.0,80.0,25.0,25.0,True,True,ok,1,0.010225600000012491,0.06564290000005712
2026-04-30T06:59:32.300470+00:00,7,co2,co2_groupb_1000ppm_800hpa,20.0,1000.0,B,1000.0,ga04,,co2,106.0,2.2,2.2,106.0,0.106,0.106,0.022000000000000002,0.022000000000000002,1004.0,800.0,800.0,healthy,,,12.0,80.0,25.0,25.0,True,True,ok,1,0.010225600000012491,0.06564290000005712
2026-04-30T06:59:32.300575+00:00,7,co2,co2_groupb_1000ppm_800hpa,20.0,1000.0,B,1000.0,ga05,,co2,108.0,2.35,2.35,108.0,0.108,0.108,0.0235,0.0235,1005.0,800.0,800.0,healthy,,,12.0,80.0,25.0,25.0,True,True,ok,1,0.010225600000012491,0.06564290000005712
2026-04-30T06:59:32.300672+00:00,7,co2,co2_groupb_1000ppm_800hpa,20.0,1000.0,B,1000.0,ga06,,co2,110.0,2.5,2.5,110.0,0.11,0.11,0.025,0.025,1006.0,800.0,800.0,healthy,,,12.0,80.0,25.0,25.0,True,True,ok,1,0.010225600000012491,0.06564290000005712
2026-04-30T06:59:32.300772+00:00,7,co2,co2_groupb_1000ppm_800hpa,20.0,1000.0,B,1000.0,ga07,,co2,112.0,2.65,2.65,112.0,0.112,0.112,0.0265,0.0265,1007.0,800.0,800.0,healthy,,,12.0,80.0,25.0,25.0,True,True,ok,1,0.010225600000012491,0.06564290000005712
2026-04-30T06:59:32.300893+00:00,7,co2,co2_groupb_1000ppm_800hpa,20.0,1000.0,B,1000.0,ga08,,co2,114.0,2.8,2.8,114.0,0.114,0.114,0.027999999999999997,0.027999999999999997,1008.0,800.0,800.0,healthy,,,12.0,80.0,25.0,25.0,True,True,ok,1,0.010225600000012491,0.06564290000005712
2026-04-30T06:59:32.352991+00:00,7,co2,co2_groupb_1000ppm_800hpa,20.0,1000.0,B,1000.0,ga01,,co2,100.0,1.75,1.75,100.0,0.1,0.1,0.0175,0.0175,1001.0,800.0,800.0,healthy,,,12.0,80.0,25.0,25.0,True,True,ok,2,0.010225600000012491,0.06564290000005712
2026-04-30T06:59:32.353086+00:00,7,co2,co2_groupb_1000ppm_800hpa,20.0,1000.0,B,1000.0,ga02,,co2,102.0,1.9,1.9,102.0,0.102,0.102,0.019,0.019,1002.0,800.0,800.0,healthy,,,12.0,80.0,25.0,25.0,True,True,ok,2,0.010225600000012491,0.06564290000005712
2026-04-30T06:59:32.353158+00:00,7,co2,co2_groupb_1000ppm_800hpa,20.0,1000.0,B,1000.0,ga03,,co2,104.0,2.05,2.05,104.0,0.104,0.104,0.020499999999999997,0.020499999999999997,1003.0,800.0,800.0,healthy,,,12.0,80.0,25.0,25.0,True,True,ok,2,0.010225600000012491,0.06564290000005712
2026-04-30T06:59:32.353227+00:00,7,co2,co2_groupb_1000ppm_800hpa,20.0,1000.0,B,1000.0,ga04,,co2,106.0,2.2,2.2,106.0,0.106,0.106,0.022000000000000002,0.022000000000000002,1004.0,800.0,800.0,healthy,,,12.0,80.0,25.0,25.0,True,True,ok,2,0.010225600000012491,0.06564290000005712
2026-04-30T06:59:32.353292+00:00,7,co2,co2_groupb_1000ppm_800hpa,20.0,1000.0,B,1000.0,ga05,,co2,108.0,2.35,2.35,108.0,0.108,0.108,0.0235,0.0235,1005.0,800.0,800.0,healthy,,,12.0,80.0,25.0,25.0,True,True,ok,2,0.010225600000012491,0.06564290000005712
2026-04-30T06:59:32.353361+00:00,7,co2,co2_groupb_1000ppm_800hpa,20.0,1000.0,B,1000.0,ga06,,co2,110.0,2.5,2.5,110.0,0.11,0.11,0.025,0.025,1006.0,800.0,800.0,healthy,,,12.0,80.0,25.0,25.0,True,True,ok,2,0.010225600000012491,0.06564290000005712
2026-04-30T06:59:32.353425+00:00,7,co2,co2_groupb_1000ppm_800hpa,20.0,1000.0,B,1000.0,ga07,,co2,112.0,2.65,2.65,112.0,0.112,0.112,0.0265,0.0265,1007.0,800.0,800.0,healthy,,,12.0,80.0,25.0,25.0,True,True,ok,2,0.010225600000012491,0.06564290000005712
2026-04-30T06:59:32.353492+00:00,7,co2,co2_groupb_1000ppm_800hpa,20.0,1000.0,B,1000.0,ga08,,co2,114.0,2.8,2.8,114.0,0.114,0.114,0.027999999999999997,0.027999999999999997,1008.0,800.0,800.0,healthy,,,12.0,80.0,25.0,25.0,True,True,ok,2,0.010225600000012491,0.06564290000005712
2026-04-30T06:59:32.399558+00:00,10,co2,co2_groupb_1000ppm_600hpa,20.0,1000.0,B,1000.0,ga01,,co2,100.0,1.75,1.75,100.0,0.1,0.1,0.0175,0.0175,1001.0,600.0,600.0,healthy,,,12.0,60.0,25.0,25.0,True,True,ok,1,0.010388100000000122,0.06735490000028221
2026-04-30T06:59:32.399793+00:00,10,co2,co2_groupb_1000ppm_600hpa,20.0,1000.0,B,1000.0,ga02,,co2,102.0,1.9,1.9,102.0,0.102,0.102,0.019,0.019,1002.0,600.0,600.0,healthy,,,12.0,60.0,25.0,25.0,True,True,ok,1,0.010388100000000122,0.06735490000028221
2026-04-30T06:59:32.400230+00:00,10,co2,co2_groupb_1000ppm_600hpa,20.0,1000.0,B,1000.0,ga03,,co2,104.0,2.05,2.05,104.0,0.104,0.104,0.020499999999999997,0.020499999999999997,1003.0,600.0,600.0,healthy,,,12.0,60.0,25.0,25.0,True,True,ok,1,0.010388100000000122,0.06735490000028221
2026-04-30T06:59:32.400466+00:00,10,co2,co2_groupb_1000ppm_600hpa,20.0,1000.0,B,1000.0,ga04,,co2,106.0,2.2,2.2,106.0,0.106,0.106,0.022000000000000002,0.022000000000000002,1004.0,600.0,600.0,healthy,,,12.0,60.0,25.0,25.0,True,True,ok,1,0.010388100000000122,0.06735490000028221
2026-04-30T06:59:32.400683+00:00,10,co2,co2_groupb_1000ppm_600hpa,20.0,1000.0,B,1000.0,ga05,,co2,108.0,2.35,2.35,108.0,0.108,0.108,0.0235,0.0235,1005.0,600.0,600.0,healthy,,,12.0,60.0,25.0,25.0,True,True,ok,1,0.010388100000000122,0.06735490000028221
2026-04-30T06:59:32.400960+00:00,10,co2,co2_groupb_1000ppm_600hpa,20.0,1000.0,B,1000.0,ga06,,co2,110.0,2.5,2.5,110.0,0.11,0.11,0.025,0.025,1006.0,600.0,600.0,healthy,,,12.0,60.0,25.0,25.0,True,True,ok,1,0.010388100000000122,0.06735490000028221
2026-04-30T06:59:32.401152+00:00,10,co2,co2_groupb_1000ppm_600hpa,20.0,1000.0,B,1000.0,ga07,,co2,112.0,2.65,2.65,112.0,0.112,0.112,0.0265,0.0265,1007.0,600.0,600.0,healthy,,,12.0,60.0,25.0,25.0,True,True,ok,1,0.010388100000000122,0.06735490000028221
2026-04-30T06:59:32.401309+00:00,10,co2,co2_groupb_1000ppm_600hpa,20.0,1000.0,B,1000.0,ga08,,co2,114.0,2.8,2.8,114.0,0.114,0.114,0.027999999999999997,0.027999999999999997,1008.0,600.0,600.0,healthy,,,12.0,60.0,25.0,25.0,True,True,ok,1,0.010388100000000122,0.06735490000028221
2026-04-30T06:59:32.452720+00:00,10,co2,co2_groupb_1000ppm_600hpa,20.0,1000.0,B,1000.0,ga01,,co2,100.0,1.75,1.75,100.0,0.1,0.1,0.0175,0.0175,1001.0,600.0,600.0,healthy,,,12.0,60.0,25.0,25.0,True,True,ok,2,0.010388100000000122,0.06735490000028221
2026-04-30T06:59:32.452835+00:00,10,co2,co2_groupb_1000ppm_600hpa,20.0,1000.0,B,1000.0,ga02,,co2,102.0,1.9,1.9,102.0,0.102,0.102,0.019,0.019,1002.0,600.0,600.0,healthy,,,12.0,60.0,25.0,25.0,True,True,ok,2,0.010388100000000122,0.06735490000028221
2026-04-30T06:59:32.452911+00:00,10,co2,co2_groupb_1000ppm_600hpa,20.0,1000.0,B,1000.0,ga03,,co2,104.0,2.05,2.05,104.0,0.104,0.104,0.020499999999999997,0.020499999999999997,1003.0,600.0,600.0,healthy,,,12.0,60.0,25.0,25.0,True,True,ok,2,0.010388100000000122,0.06735490000028221
2026-04-30T06:59:32.452994+00:00,10,co2,co2_groupb_1000ppm_600hpa,20.0,1000.0,B,1000.0,ga04,,co2,106.0,2.2,2.2,106.0,0.106,0.106,0.022000000000000002,0.022000000000000002,1004.0,600.0,600.0,healthy,,,12.0,60.0,25.0,25.0,True,True,ok,2,0.010388100000000122,0.06735490000028221
2026-04-30T06:59:32.453079+00:00,10,co2,co2_groupb_1000ppm_600hpa,20.0,1000.0,B,1000.0,ga05,,co2,108.0,2.35,2.35,108.0,0.108,0.108,0.0235,0.0235,1005.0,600.0,600.0,healthy,,,12.0,60.0,25.0,25.0,True,True,ok,2,0.010388100000000122,0.06735490000028221
2026-04-30T06:59:32.453154+00:00,10,co2,co2_groupb_1000ppm_600hpa,20.0,1000.0,B,1000.0,ga06,,co2,110.0,2.5,2.5,110.0,0.11,0.11,0.025,0.025,1006.0,600.0,600.0,healthy,,,12.0,60.0,25.0,25.0,True,True,ok,2,0.010388100000000122,0.06735490000028221
2026-04-30T06:59:32.453219+00:00,10,co2,co2_groupb_1000ppm_600hpa,20.0,1000.0,B,1000.0,ga07,,co2,112.0,2.65,2.65,112.0,0.112,0.112,0.0265,0.0265,1007.0,600.0,600.0,healthy,,,12.0,60.0,25.0,25.0,True,True,ok,2,0.010388100000000122,0.06735490000028221
2026-04-30T06:59:32.453285+00:00,10,co2,co2_groupb_1000ppm_600hpa,20.0,1000.0,B,1000.0,ga08,,co2,114.0,2.8,2.8,114.0,0.114,0.114,0.027999999999999997,0.027999999999999997,1008.0,600.0,600.0,healthy,,,12.0,60.0,25.0,25.0,True,True,ok,2,0.010388100000000122,0.06735490000028221
