source_role,route_kind,point_name,point_dir,planned_output_path,source_artifact_count,source_packet_sha256,plan_candidate_ready,blocker_codes,manual_gate_review_required,operation_role,would_evaluate,would_derive_grades,would_write,overwrite_allowed,requires_distinct_authorization,formal_fit_allowed,preflight_json_sha256
p2_catalog_point,co2,p019_Tm20_400ppm_fit_retry1,D:\gas_calibrator\_p9_20260705\co2_6old_0620clean_mature45_g10_Tm20_400_retry_finalparams\p019_Tm20_400ppm_fit_retry1,D:\gas_calibrator\_p9_20260705\co2_6old_0620clean_mature45_g10_Tm20_400_retry_finalparams\p019_Tm20_400ppm_fit_retry1\formal_open_flow_data_quality_by_analyzer.csv,5,4e9e616530b68fe84363498e11dfdc85039242a817f181fab08e79b5eed7fad4,True,[],True,review_only_would_write_preview,False,False,False,False,True,False,46e594a742e48f8618c74ab06d2dda251f83904cf2f61231fa13c76a30e05772
p2_catalog_point,co2,p020_Tm20_1000ppm_fit,D:\gas_calibrator\_p9_20260705\co2_6old_0620clean_mature45_g11_Tm20_1000_direct_finalparams\p020_Tm20_1000ppm_fit,D:\gas_calibrator\_p9_20260705\co2_6old_0620clean_mature45_g11_Tm20_1000_direct_finalparams\p020_Tm20_1000ppm_fit\formal_open_flow_data_quality_by_analyzer.csv,5,a4a63995ddf99843596f706f47337ace84d3e03b21761817a37b7ee71461fa5b,True,[],True,review_only_would_write_preview,False,False,False,False,True,False,46e594a742e48f8618c74ab06d2dda251f83904cf2f61231fa13c76a30e05772
p2_catalog_point,co2,p001_T40_0ppm_fit,D:\gas_calibrator\_p9_20260705\co2_6old_0620clean_mature45_g3_finalparams\p001_T40_0ppm_fit,D:\gas_calibrator\_p9_20260705\co2_6old_0620clean_mature45_g3_finalparams\p001_T40_0ppm_fit\formal_open_flow_data_quality_by_analyzer.csv,5,87198c4dd3973f6ca9d72a8f068c2db61fe4bc8153e2cc0e350c8b6eb0b23616,True,[],True,review_only_would_write_preview,False,False,False,False,True,False,46e594a742e48f8618c74ab06d2dda251f83904cf2f61231fa13c76a30e05772
p2_catalog_point,co2,p002_T40_400ppm_fit_retry1,D:\gas_calibrator\_p9_20260705\co2_6old_0620clean_mature45_g3_finalparams\p002_T40_400ppm_fit_retry1,D:\gas_calibrator\_p9_20260705\co2_6old_0620clean_mature45_g3_finalparams\p002_T40_400ppm_fit_retry1\formal_open_flow_data_quality_by_analyzer.csv,5,7e16eedf04eb821d80b919898d5cdcb9a05ee3744982f57136848c482b18643f,True,[],True,review_only_would_write_preview,False,False,False,False,True,False,46e594a742e48f8618c74ab06d2dda251f83904cf2f61231fa13c76a30e05772
p2_catalog_point,co2,p003_T40_1000ppm_fit,D:\gas_calibrator\_p9_20260705\co2_6old_0620clean_mature45_g3_finalparams\p003_T40_1000ppm_fit,D:\gas_calibrator\_p9_20260705\co2_6old_0620clean_mature45_g3_finalparams\p003_T40_1000ppm_fit\formal_open_flow_data_quality_by_analyzer.csv,5,3bc1432a5869c1d2e53b47093ef76ef6924ab5430a7b8f138683102c1f7c1e3a,True,[],True,review_only_would_write_preview,False,False,False,False,True,False,46e594a742e48f8618c74ab06d2dda251f83904cf2f61231fa13c76a30e05772
p2_catalog_point,co2,p001_T30_0ppm_fit,D:\gas_calibrator\_p9_20260705\co2_6old_0620clean_mature45_g4_T30_to_Tm20_finalparams\p001_T30_0ppm_fit,D:\gas_calibrator\_p9_20260705\co2_6old_0620clean_mature45_g4_T30_to_Tm20_finalparams\p001_T30_0ppm_fit\formal_open_flow_data_quality_by_analyzer.csv,5,6abcd29d4d009af92a53284875be2624657c9686a61e6092638d31e3908f85c1,True,[],True,review_only_would_write_preview,False,False,False,False,True,False,46e594a742e48f8618c74ab06d2dda251f83904cf2f61231fa13c76a30e05772
p2_catalog_point,co2,p002_T30_100ppm_fit,D:\gas_calibrator\_p9_20260705\co2_6old_0620clean_mature45_g4_T30_to_Tm20_finalparams\p002_T30_100ppm_fit,D:\gas_calibrator\_p9_20260705\co2_6old_0620clean_mature45_g4_T30_to_Tm20_finalparams\p002_T30_100ppm_fit\formal_open_flow_data_quality_by_analyzer.csv,5,07e0fbd2be686d2a18b9f8216d1e4437bf53b5b9860ec96535506bf12adc63e8,True,[],True,review_only_would_write_preview,False,False,False,False,True,False,46e594a742e48f8618c74ab06d2dda251f83904cf2f61231fa13c76a30e05772
p2_catalog_point,co2,p003_T30_200ppm_fit,D:\gas_calibrator\_p9_20260705\co2_6old_0620clean_mature45_g4_T30_to_Tm20_finalparams\p003_T30_200ppm_fit,D:\gas_calibrator\_p9_20260705\co2_6old_0620clean_mature45_g4_T30_to_Tm20_finalparams\p003_T30_200ppm_fit\formal_open_flow_data_quality_by_analyzer.csv,5,bb11b78447733b9d61a71500552be4e1ea5f94e42c21b819d67ccdda78343307,True,[],True,review_only_would_write_preview,False,False,False,False,True,False,46e594a742e48f8618c74ab06d2dda251f83904cf2f61231fa13c76a30e05772
p2_catalog_point,co2,p004_T30_300ppm_fit,D:\gas_calibrator\_p9_20260705\co2_6old_0620clean_mature45_g4_T30_to_Tm20_finalparams\p004_T30_300ppm_fit,D:\gas_calibrator\_p9_20260705\co2_6old_0620clean_mature45_g4_T30_to_Tm20_finalparams\p004_T30_300ppm_fit\formal_open_flow_data_quality_by_analyzer.csv,5,d732bea0150aa003451c96bee93a31d6326201cecd4cbcdc6cc29b43a71dceb8,True,[],True,review_only_would_write_preview,False,False,False,False,True,False,46e594a742e48f8618c74ab06d2dda251f83904cf2f61231fa13c76a30e05772
p2_catalog_point,co2,p005_T30_400ppm_fit,D:\gas_calibrator\_p9_20260705\co2_6old_0620clean_mature45_g4_T30_to_Tm20_finalparams\p005_T30_400ppm_fit,D:\gas_calibrator\_p9_20260705\co2_6old_0620clean_mature45_g4_T30_to_Tm20_finalparams\p005_T30_400ppm_fit\formal_open_flow_data_quality_by_analyzer.csv,5,4a99cc42a6aa854fef4320d9b4da175f4ddd3c5f5faf70098346ececb2aa23b4,True,[],True,review_only_would_write_preview,False,False,False,False,True,False,46e594a742e48f8618c74ab06d2dda251f83904cf2f61231fa13c76a30e05772
p2_catalog_point,co2,p006_T30_500ppm_fit,D:\gas_calibrator\_p9_20260705\co2_6old_0620clean_mature45_g4_T30_to_Tm20_finalparams\p006_T30_500ppm_fit,D:\gas_calibrator\_p9_20260705\co2_6old_0620clean_mature45_g4_T30_to_Tm20_finalparams\p006_T30_500ppm_fit\formal_open_flow_data_quality_by_analyzer.csv,5,007ab86d033d6d7f684924dac38485818561041f14c021281bb53dea80b7483b,True,[],True,review_only_would_write_preview,False,False,False,False,True,False,46e594a742e48f8618c74ab06d2dda251f83904cf2f61231fa13c76a30e05772
p2_catalog_point,co2,p007_T30_600ppm_fit,D:\gas_calibrator\_p9_20260705\co2_6old_0620clean_mature45_g4_T30_to_Tm20_finalparams\p007_T30_600ppm_fit,D:\gas_calibrator\_p9_20260705\co2_6old_0620clean_mature45_g4_T30_to_Tm20_finalparams\p007_T30_600ppm_fit\formal_open_flow_data_quality_by_analyzer.csv,5,4e2c4e30d12a1661c470208a7c71210ec32c14352e6bd5a8f0c9c7f8e6a154dd,True,[],True,review_only_would_write_preview,False,False,False,False,True,False,46e594a742e48f8618c74ab06d2dda251f83904cf2f61231fa13c76a30e05772
p2_catalog_point,co2,p008_T30_700ppm_fit,D:\gas_calibrator\_p9_20260705\co2_6old_0620clean_mature45_g4_T30_to_Tm20_finalparams\p008_T30_700ppm_fit,D:\gas_calibrator\_p9_20260705\co2_6old_0620clean_mature45_g4_T30_to_Tm20_finalparams\p008_T30_700ppm_fit\formal_open_flow_data_quality_by_analyzer.csv,5,702578a31baa7bbf94d6e298dd2c0d62cb2cb1ac4f70ee4f856f28130b7986d1,True,[],True,review_only_would_write_preview,False,False,False,False,True,False,46e594a742e48f8618c74ab06d2dda251f83904cf2f61231fa13c76a30e05772
p2_catalog_point,co2,p009_T30_800ppm_fit,D:\gas_calibrator\_p9_20260705\co2_6old_0620clean_mature45_g4_T30_to_Tm20_finalparams\p009_T30_800ppm_fit,D:\gas_calibrator\_p9_20260705\co2_6old_0620clean_mature45_g4_T30_to_Tm20_finalparams\p009_T30_800ppm_fit\formal_open_flow_data_quality_by_analyzer.csv,5,2e3b33fccc9065e4affbff4172c5fd4e405c4f1c27cdbd883babeecb13c11a23,True,[],True,review_only_would_write_preview,False,False,False,False,True,False,46e594a742e48f8618c74ab06d2dda251f83904cf2f61231fa13c76a30e05772
p2_catalog_point,co2,p010_T30_900ppm_fit,D:\gas_calibrator\_p9_20260705\co2_6old_0620clean_mature45_g4_T30_to_Tm20_finalparams\p010_T30_900ppm_fit,D:\gas_calibrator\_p9_20260705\co2_6old_0620clean_mature45_g4_T30_to_Tm20_finalparams\p010_T30_900ppm_fit\formal_open_flow_data_quality_by_analyzer.csv,5,62d38209c35797e142cbd8f713b8f876d0e69234c99873bd04adbb9a0a0d7727,True,[],True,review_only_would_write_preview,False,False,False,False,True,False,46e594a742e48f8618c74ab06d2dda251f83904cf2f61231fa13c76a30e05772
p2_catalog_point,co2,p011_T30_1000ppm_fit,D:\gas_calibrator\_p9_20260705\co2_6old_0620clean_mature45_g4_T30_to_Tm20_finalparams\p011_T30_1000ppm_fit,D:\gas_calibrator\_p9_20260705\co2_6old_0620clean_mature45_g4_T30_to_Tm20_finalparams\p011_T30_1000ppm_fit\formal_open_flow_data_quality_by_analyzer.csv,5,17fe4ff42f71a095e4ca663c1a12749a8f514fc47063ccf810533991e97c67d7,True,[],True,review_only_would_write_preview,False,False,False,False,True,False,46e594a742e48f8618c74ab06d2dda251f83904cf2f61231fa13c76a30e05772
p2_catalog_point,co2,p012_T20_0ppm_fit,D:\gas_calibrator\_p9_20260705\co2_6old_0620clean_mature45_g4_T30_to_Tm20_finalparams\p012_T20_0ppm_fit,D:\gas_calibrator\_p9_20260705\co2_6old_0620clean_mature45_g4_T30_to_Tm20_finalparams\p012_T20_0ppm_fit\formal_open_flow_data_quality_by_analyzer.csv,5,343e68c368e466d948c7572f4ec4fef49440d891e4aea5bfc73e1c9a9814392e,True,[],True,review_only_would_write_preview,False,False,False,False,True,False,46e594a742e48f8618c74ab06d2dda251f83904cf2f61231fa13c76a30e05772
p2_catalog_point,co2,p013_T20_100ppm_fit,D:\gas_calibrator\_p9_20260705\co2_6old_0620clean_mature45_g4_T30_to_Tm20_finalparams\p013_T20_100ppm_fit,D:\gas_calibrator\_p9_20260705\co2_6old_0620clean_mature45_g4_T30_to_Tm20_finalparams\p013_T20_100ppm_fit\formal_open_flow_data_quality_by_analyzer.csv,5,31cf30897b195a22dd394ad342483d3b1bea4586dd97c788e67b224d1769a3ba,True,[],True,review_only_would_write_preview,False,False,False,False,True,False,46e594a742e48f8618c74ab06d2dda251f83904cf2f61231fa13c76a30e05772
p2_catalog_point,co2,p014_T20_200ppm_fit,D:\gas_calibrator\_p9_20260705\co2_6old_0620clean_mature45_g4_T30_to_Tm20_finalparams\p014_T20_200ppm_fit,D:\gas_calibrator\_p9_20260705\co2_6old_0620clean_mature45_g4_T30_to_Tm20_finalparams\p014_T20_200ppm_fit\formal_open_flow_data_quality_by_analyzer.csv,5,325837d5852b42e8a2a3ca5ba0bbbcf0f434c5cabecf2d99f2be40a9b05821ed,True,[],True,review_only_would_write_preview,False,False,False,False,True,False,46e594a742e48f8618c74ab06d2dda251f83904cf2f61231fa13c76a30e05772
p2_catalog_point,co2,p015_T20_300ppm_fit_retry1,D:\gas_calibrator\_p9_20260705\co2_6old_0620clean_mature45_g5_T20_300_retry_finalparams\p015_T20_300ppm_fit_retry1,D:\gas_calibrator\_p9_20260705\co2_6old_0620clean_mature45_g5_T20_300_retry_finalparams\p015_T20_300ppm_fit_retry1\formal_open_flow_data_quality_by_analyzer.csv,5,296f04a3f67974d4bbfcb86a699d056c0ed5bc7eac71b9de52a6839644cc2392,True,[],True,review_only_would_write_preview,False,False,False,False,True,False,46e594a742e48f8618c74ab06d2dda251f83904cf2f61231fa13c76a30e05772
p2_catalog_point,co2,p016_T20_400ppm_fit_retry1,D:\gas_calibrator\_p9_20260705\co2_6old_0620clean_mature45_g7_T20_400_retry_finalparams\p016_T20_400ppm_fit_retry1,D:\gas_calibrator\_p9_20260705\co2_6old_0620clean_mature45_g7_T20_400_retry_finalparams\p016_T20_400ppm_fit_retry1\formal_open_flow_data_quality_by_analyzer.csv,5,513cb30aa778bc0f43428017ad44f15c64000e8e868130809423f715c428413c,True,[],True,review_only_would_write_preview,False,False,False,False,True,False,46e594a742e48f8618c74ab06d2dda251f83904cf2f61231fa13c76a30e05772
p2_catalog_point,co2,p017_T20_500ppm_fit_retry1,D:\gas_calibrator\_p9_20260705\co2_6old_0620clean_mature45_g8c_T20_500_direct_240purge_finalparams\p017_T20_500ppm_fit_retry1,D:\gas_calibrator\_p9_20260705\co2_6old_0620clean_mature45_g8c_T20_500_direct_240purge_finalparams\p017_T20_500ppm_fit_retry1\formal_open_flow_data_quality_by_analyzer.csv,5,1fa473b49894bb962f16d5cdc4bde4adeef44baf27860786381d083d3ca4f8da,True,[],True,review_only_would_write_preview,False,False,False,False,True,False,46e594a742e48f8618c74ab06d2dda251f83904cf2f61231fa13c76a30e05772
p2_catalog_point,co2,p018_T20_600ppm_fit_retry1,D:\gas_calibrator\_p9_20260705\co2_6old_0620clean_mature45_g8d_T20_600_direct_240purge_finalparams\p018_T20_600ppm_fit_retry1,D:\gas_calibrator\_p9_20260705\co2_6old_0620clean_mature45_g8d_T20_600_direct_240purge_finalparams\p018_T20_600ppm_fit_retry1\formal_open_flow_data_quality_by_analyzer.csv,5,bb3fa050cecd2488f5ad724a2ad3b0b98bc4e58a893020edc43cf01876a96f96,True,[],True,review_only_would_write_preview,False,False,False,False,True,False,46e594a742e48f8618c74ab06d2dda251f83904cf2f61231fa13c76a30e05772
p2_catalog_point,co2,p019_T20_700ppm_fit_retry1,D:\gas_calibrator\_p9_20260705\co2_6old_0620clean_mature45_g8e_T20_700_direct_240purge_finalparams\p019_T20_700ppm_fit_retry1,D:\gas_calibrator\_p9_20260705\co2_6old_0620clean_mature45_g8e_T20_700_direct_240purge_finalparams\p019_T20_700ppm_fit_retry1\formal_open_flow_data_quality_by_analyzer.csv,5,13beb73197cc2c0fa91535c7a1859d3b624964450f25222f7437f0a987fa4679,True,[],True,review_only_would_write_preview,False,False,False,False,True,False,46e594a742e48f8618c74ab06d2dda251f83904cf2f61231fa13c76a30e05772
p2_catalog_point,co2,p020_T20_800ppm_fit_retry1,D:\gas_calibrator\_p9_20260705\co2_6old_0620clean_mature45_g8f_T20_800_direct_240purge_finalparams\p020_T20_800ppm_fit_retry1,D:\gas_calibrator\_p9_20260705\co2_6old_0620clean_mature45_g8f_T20_800_direct_240purge_finalparams\p020_T20_800ppm_fit_retry1\formal_open_flow_data_quality_by_analyzer.csv,5,cb5afff2a5cad9cfa16cf674ed36ea2ad66aba3441ef8608d1809c18bac867a3,True,[],True,review_only_would_write_preview,False,False,False,False,True,False,46e594a742e48f8618c74ab06d2dda251f83904cf2f61231fa13c76a30e05772
p2_catalog_point,co2,p021_T20_900ppm_fit_retry1,D:\gas_calibrator\_p9_20260705\co2_6old_0620clean_mature45_g8g_T20_900_direct_240purge_finalparams\p021_T20_900ppm_fit_retry1,D:\gas_calibrator\_p9_20260705\co2_6old_0620clean_mature45_g8g_T20_900_direct_240purge_finalparams\p021_T20_900ppm_fit_retry1\formal_open_flow_data_quality_by_analyzer.csv,5,06566cb69029d972bcdf8bfc86357b3f3f2064e30db37fddffd5b8f82537973c,True,[],True,review_only_would_write_preview,False,False,False,False,True,False,46e594a742e48f8618c74ab06d2dda251f83904cf2f61231fa13c76a30e05772
p2_catalog_point,co2,p022_T20_1000ppm_fit_retry1,D:\gas_calibrator\_p9_20260705\co2_6old_0620clean_mature45_g8h_T20_1000_direct_240purge_finalparams\p022_T20_1000ppm_fit_retry1,D:\gas_calibrator\_p9_20260705\co2_6old_0620clean_mature45_g8h_T20_1000_direct_240purge_finalparams\p022_T20_1000ppm_fit_retry1\formal_open_flow_data_quality_by_analyzer.csv,5,c7997932d5bf419449bff1186a87dbd7b2e380cee0c8471b76b0e5752fba4078,True,[],True,review_only_would_write_preview,False,False,False,False,True,False,46e594a742e48f8618c74ab06d2dda251f83904cf2f61231fa13c76a30e05772
p2_catalog_point,co2,p001_T10_0ppm_fit,D:\gas_calibrator\_p9_20260705\co2_6old_0620clean_mature45_g9_T10_to_Tm20_finalparams\p001_T10_0ppm_fit,D:\gas_calibrator\_p9_20260705\co2_6old_0620clean_mature45_g9_T10_to_Tm20_finalparams\p001_T10_0ppm_fit\formal_open_flow_data_quality_by_analyzer.csv,5,15d1e8e7757b8cec73a54eb2db118197b086c37fac795d342d8223cfb171cf33,True,[],True,review_only_would_write_preview,False,False,False,False,True,False,46e594a742e48f8618c74ab06d2dda251f83904cf2f61231fa13c76a30e05772
p2_catalog_point,co2,p002_T10_100ppm_fit,D:\gas_calibrator\_p9_20260705\co2_6old_0620clean_mature45_g9_T10_to_Tm20_finalparams\p002_T10_100ppm_fit,D:\gas_calibrator\_p9_20260705\co2_6old_0620clean_mature45_g9_T10_to_Tm20_finalparams\p002_T10_100ppm_fit\formal_open_flow_data_quality_by_analyzer.csv,5,d406b46d485fb4ff210043a58281efbcfa0b0f458110d0dc016e2492f120df21,True,[],True,review_only_would_write_preview,False,False,False,False,True,False,46e594a742e48f8618c74ab06d2dda251f83904cf2f61231fa13c76a30e05772
p2_catalog_point,co2,p003_T10_200ppm_fit,D:\gas_calibrator\_p9_20260705\co2_6old_0620clean_mature45_g9_T10_to_Tm20_finalparams\p003_T10_200ppm_fit,D:\gas_calibrator\_p9_20260705\co2_6old_0620clean_mature45_g9_T10_to_Tm20_finalparams\p003_T10_200ppm_fit\formal_open_flow_data_quality_by_analyzer.csv,5,efe721d814a3aa18037c920a8fc24f2db909c34460b4487d6f837eb9ba6f0122,True,[],True,review_only_would_write_preview,False,False,False,False,True,False,46e594a742e48f8618c74ab06d2dda251f83904cf2f61231fa13c76a30e05772
p2_catalog_point,co2,p004_T10_300ppm_fit,D:\gas_calibrator\_p9_20260705\co2_6old_0620clean_mature45_g9_T10_to_Tm20_finalparams\p004_T10_300ppm_fit,D:\gas_calibrator\_p9_20260705\co2_6old_0620clean_mature45_g9_T10_to_Tm20_finalparams\p004_T10_300ppm_fit\formal_open_flow_data_quality_by_analyzer.csv,5,131fc2426b8a0b782b3f2659fbebe110e64301e5990c695acc7e8d269d7aca2c,True,[],True,review_only_would_write_preview,False,False,False,False,True,False,46e594a742e48f8618c74ab06d2dda251f83904cf2f61231fa13c76a30e05772
p2_catalog_point,co2,p005_T10_400ppm_fit,D:\gas_calibrator\_p9_20260705\co2_6old_0620clean_mature45_g9_T10_to_Tm20_finalparams\p005_T10_400ppm_fit,D:\gas_calibrator\_p9_20260705\co2_6old_0620clean_mature45_g9_T10_to_Tm20_finalparams\p005_T10_400ppm_fit\formal_open_flow_data_quality_by_analyzer.csv,5,925c67c30f4d0a8066f770ac6b28f3964ea0912c0e24cd3d808004e2752dffc1,True,[],True,review_only_would_write_preview,False,False,False,False,True,False,46e594a742e48f8618c74ab06d2dda251f83904cf2f61231fa13c76a30e05772
p2_catalog_point,co2,p006_T10_500ppm_fit,D:\gas_calibrator\_p9_20260705\co2_6old_0620clean_mature45_g9_T10_to_Tm20_finalparams\p006_T10_500ppm_fit,D:\gas_calibrator\_p9_20260705\co2_6old_0620clean_mature45_g9_T10_to_Tm20_finalparams\p006_T10_500ppm_fit\formal_open_flow_data_quality_by_analyzer.csv,5,e61543b58ad288aef92f9286949bbd8686460fdc55abb6f3bc019b6a701aafa4,True,[],True,review_only_would_write_preview,False,False,False,False,True,False,46e594a742e48f8618c74ab06d2dda251f83904cf2f61231fa13c76a30e05772
p2_catalog_point,co2,p007_T10_600ppm_fit,D:\gas_calibrator\_p9_20260705\co2_6old_0620clean_mature45_g9_T10_to_Tm20_finalparams\p007_T10_600ppm_fit,D:\gas_calibrator\_p9_20260705\co2_6old_0620clean_mature45_g9_T10_to_Tm20_finalparams\p007_T10_600ppm_fit\formal_open_flow_data_quality_by_analyzer.csv,5,82629992e1f39b2fe5fd4a1493c1c4aa3083c9c23e8a92b6f959557e6f7bd123,True,[],True,review_only_would_write_preview,False,False,False,False,True,False,46e594a742e48f8618c74ab06d2dda251f83904cf2f61231fa13c76a30e05772
p2_catalog_point,co2,p008_T10_700ppm_fit,D:\gas_calibrator\_p9_20260705\co2_6old_0620clean_mature45_g9_T10_to_Tm20_finalparams\p008_T10_700ppm_fit,D:\gas_calibrator\_p9_20260705\co2_6old_0620clean_mature45_g9_T10_to_Tm20_finalparams\p008_T10_700ppm_fit\formal_open_flow_data_quality_by_analyzer.csv,5,180633f61613fafbbb1e5b92041896d9f38e07cb7a3710a11c1c7d00780ffa62,True,[],True,review_only_would_write_preview,False,False,False,False,True,False,46e594a742e48f8618c74ab06d2dda251f83904cf2f61231fa13c76a30e05772
p2_catalog_point,co2,p009_T10_800ppm_fit,D:\gas_calibrator\_p9_20260705\co2_6old_0620clean_mature45_g9_T10_to_Tm20_finalparams\p009_T10_800ppm_fit,D:\gas_calibrator\_p9_20260705\co2_6old_0620clean_mature45_g9_T10_to_Tm20_finalparams\p009_T10_800ppm_fit\formal_open_flow_data_quality_by_analyzer.csv,5,2391ca4b6263a78f8d521640e44c8c60f692d6c5ba91d73bb4a6fb190fa63dac,True,[],True,review_only_would_write_preview,False,False,False,False,True,False,46e594a742e48f8618c74ab06d2dda251f83904cf2f61231fa13c76a30e05772
p2_catalog_point,co2,p010_T10_900ppm_fit,D:\gas_calibrator\_p9_20260705\co2_6old_0620clean_mature45_g9_T10_to_Tm20_finalparams\p010_T10_900ppm_fit,D:\gas_calibrator\_p9_20260705\co2_6old_0620clean_mature45_g9_T10_to_Tm20_finalparams\p010_T10_900ppm_fit\formal_open_flow_data_quality_by_analyzer.csv,5,dc5ef562cea3de9aa044e29502e47fa62e85542e7ccacf00123c0d6a81b9133d,True,[],True,review_only_would_write_preview,False,False,False,False,True,False,46e594a742e48f8618c74ab06d2dda251f83904cf2f61231fa13c76a30e05772
p2_catalog_point,co2,p011_T10_1000ppm_fit,D:\gas_calibrator\_p9_20260705\co2_6old_0620clean_mature45_g9_T10_to_Tm20_finalparams\p011_T10_1000ppm_fit,D:\gas_calibrator\_p9_20260705\co2_6old_0620clean_mature45_g9_T10_to_Tm20_finalparams\p011_T10_1000ppm_fit\formal_open_flow_data_quality_by_analyzer.csv,5,8f80c676e2778623eae939f7555b5f13fd04210efd02821116ceed50ec1fe7bd,True,[],True,review_only_would_write_preview,False,False,False,False,True,False,46e594a742e48f8618c74ab06d2dda251f83904cf2f61231fa13c76a30e05772
p2_catalog_point,co2,p012_T0_0ppm_fit,D:\gas_calibrator\_p9_20260705\co2_6old_0620clean_mature45_g9_T10_to_Tm20_finalparams\p012_T0_0ppm_fit,D:\gas_calibrator\_p9_20260705\co2_6old_0620clean_mature45_g9_T10_to_Tm20_finalparams\p012_T0_0ppm_fit\formal_open_flow_data_quality_by_analyzer.csv,5,4eb1bb0950e860a1883d89badcf97c8c268d9c5382c84d084038dda58d73e6d1,True,[],True,review_only_would_write_preview,False,False,False,False,True,False,46e594a742e48f8618c74ab06d2dda251f83904cf2f61231fa13c76a30e05772
p2_catalog_point,co2,p013_T0_400ppm_fit,D:\gas_calibrator\_p9_20260705\co2_6old_0620clean_mature45_g9_T10_to_Tm20_finalparams\p013_T0_400ppm_fit,D:\gas_calibrator\_p9_20260705\co2_6old_0620clean_mature45_g9_T10_to_Tm20_finalparams\p013_T0_400ppm_fit\formal_open_flow_data_quality_by_analyzer.csv,5,6c81e21b099fc90c79b5a5970d10d266171cf3c79149b3617f9411dc2cd8ba20,True,[],True,review_only_would_write_preview,False,False,False,False,True,False,46e594a742e48f8618c74ab06d2dda251f83904cf2f61231fa13c76a30e05772
p2_catalog_point,co2,p014_T0_1000ppm_fit,D:\gas_calibrator\_p9_20260705\co2_6old_0620clean_mature45_g9_T10_to_Tm20_finalparams\p014_T0_1000ppm_fit,D:\gas_calibrator\_p9_20260705\co2_6old_0620clean_mature45_g9_T10_to_Tm20_finalparams\p014_T0_1000ppm_fit\formal_open_flow_data_quality_by_analyzer.csv,5,decf370625cbbbeff9791d85ca669a5fc0dccd20c7d042f47137c0ccb99fe4a7,True,[],True,review_only_would_write_preview,False,False,False,False,True,False,46e594a742e48f8618c74ab06d2dda251f83904cf2f61231fa13c76a30e05772
p2_catalog_point,co2,p015_Tm10_0ppm_fit,D:\gas_calibrator\_p9_20260705\co2_6old_0620clean_mature45_g9_T10_to_Tm20_finalparams\p015_Tm10_0ppm_fit,D:\gas_calibrator\_p9_20260705\co2_6old_0620clean_mature45_g9_T10_to_Tm20_finalparams\p015_Tm10_0ppm_fit\formal_open_flow_data_quality_by_analyzer.csv,5,6c42687897b65af56796d50745bc2bf1026fd93c931bdffa4883aa1f6c0ef5b1,True,[],True,review_only_would_write_preview,False,False,False,False,True,False,46e594a742e48f8618c74ab06d2dda251f83904cf2f61231fa13c76a30e05772
p2_catalog_point,co2,p016_Tm10_400ppm_fit,D:\gas_calibrator\_p9_20260705\co2_6old_0620clean_mature45_g9_T10_to_Tm20_finalparams\p016_Tm10_400ppm_fit,D:\gas_calibrator\_p9_20260705\co2_6old_0620clean_mature45_g9_T10_to_Tm20_finalparams\p016_Tm10_400ppm_fit\formal_open_flow_data_quality_by_analyzer.csv,5,7dcdb36b6ff3db418d05dbf11c35c62139da2bafb54b70d6623ae5ee09ef62fd,True,[],True,review_only_would_write_preview,False,False,False,False,True,False,46e594a742e48f8618c74ab06d2dda251f83904cf2f61231fa13c76a30e05772
p2_catalog_point,co2,p017_Tm10_1000ppm_fit,D:\gas_calibrator\_p9_20260705\co2_6old_0620clean_mature45_g9_T10_to_Tm20_finalparams\p017_Tm10_1000ppm_fit,D:\gas_calibrator\_p9_20260705\co2_6old_0620clean_mature45_g9_T10_to_Tm20_finalparams\p017_Tm10_1000ppm_fit\formal_open_flow_data_quality_by_analyzer.csv,5,578c8440a96fc887c579c3af5a18de1575d221aecffef99d4375e2020ddbc514,True,[],True,review_only_would_write_preview,False,False,False,False,True,False,46e594a742e48f8618c74ab06d2dda251f83904cf2f61231fa13c76a30e05772
p2_catalog_point,co2,p018_Tm20_0ppm_fit,D:\gas_calibrator\_p9_20260705\co2_6old_0620clean_mature45_g9_T10_to_Tm20_finalparams\p018_Tm20_0ppm_fit,D:\gas_calibrator\_p9_20260705\co2_6old_0620clean_mature45_g9_T10_to_Tm20_finalparams\p018_Tm20_0ppm_fit\formal_open_flow_data_quality_by_analyzer.csv,5,e36c84fcac1de4ca9113edea192b9a999c6dd1bf31834c5f771ed5bad500b301,True,[],True,review_only_would_write_preview,False,False,False,False,True,False,46e594a742e48f8618c74ab06d2dda251f83904cf2f61231fa13c76a30e05772
p2_catalog_point,h2o,p001_T20_HG20C_30RH_h2o,D:\gas_calibrator\_p9_20260706\h2o_005_bridge_repeat_20c_305070_v1\p001_T20_HG20C_30RH_h2o,D:\gas_calibrator\_p9_20260706\h2o_005_bridge_repeat_20c_305070_v1\p001_T20_HG20C_30RH_h2o\formal_open_flow_data_quality_by_analyzer.csv,7,44d2832ebcaac996ef58dfdc44131cd19a0d1783c9585ad618c13f2b554dfb25,True,[],True,review_only_would_write_preview,False,False,False,False,True,False,46e594a742e48f8618c74ab06d2dda251f83904cf2f61231fa13c76a30e05772
p2_catalog_point,h2o,p002_T20_HG20C_50RH_h2o,D:\gas_calibrator\_p9_20260706\h2o_005_bridge_repeat_20c_305070_v1\p002_T20_HG20C_50RH_h2o,D:\gas_calibrator\_p9_20260706\h2o_005_bridge_repeat_20c_305070_v1\p002_T20_HG20C_50RH_h2o\formal_open_flow_data_quality_by_analyzer.csv,7,5ed69bd3e78cd8aa8dcbb98cc1fd1a0297b060e52815e507802522e45b29b22c,True,[],True,review_only_would_write_preview,False,False,False,False,True,False,46e594a742e48f8618c74ab06d2dda251f83904cf2f61231fa13c76a30e05772
p2_catalog_point,h2o,p003_T20_HG20C_70RH_h2o,D:\gas_calibrator\_p9_20260706\h2o_005_bridge_repeat_20c_305070_v1\p003_T20_HG20C_70RH_h2o,D:\gas_calibrator\_p9_20260706\h2o_005_bridge_repeat_20c_305070_v1\p003_T20_HG20C_70RH_h2o\formal_open_flow_data_quality_by_analyzer.csv,7,dbb21f2c7a728233c8ce1ebae9ab19d04a0fd5e8391037c4f21878f8d0114506,True,[],True,review_only_would_write_preview,False,False,False,False,True,False,46e594a742e48f8618c74ab06d2dda251f83904cf2f61231fa13c76a30e05772
p2_catalog_point,h2o,p001_T0_HG0C_50RH_h2o,D:\gas_calibrator\_p9_20260706\h2o_6old_0620clean_mature13_g4\p001_T0_HG0C_50RH_h2o,D:\gas_calibrator\_p9_20260706\h2o_6old_0620clean_mature13_g4\p001_T0_HG0C_50RH_h2o\formal_open_flow_data_quality_by_analyzer.csv,7,c25414144be16848aad3412169f5f47b77e5ef74fd92628320b8c81113a0f9d5,True,[],True,review_only_would_write_preview,False,False,False,False,True,False,46e594a742e48f8618c74ab06d2dda251f83904cf2f61231fa13c76a30e05772
p2_catalog_point,h2o,p002_T10_HG10C_30RH_retry1,D:\gas_calibrator\_p9_20260706\h2o_6old_0620clean_mature13_p002_retry1\p002_T10_HG10C_30RH_retry1,D:\gas_calibrator\_p9_20260706\h2o_6old_0620clean_mature13_p002_retry1\p002_T10_HG10C_30RH_retry1\formal_open_flow_data_quality_by_analyzer.csv,7,dd49b862e8b8d6c5ba63091c47619fdf5691355a91a1876e105416b6ece89012,True,[],True,review_only_would_write_preview,False,False,False,False,True,False,46e594a742e48f8618c74ab06d2dda251f83904cf2f61231fa13c76a30e05772
p2_catalog_point,h2o,p001_T10_HG10C_50RH_h2o,D:\gas_calibrator\_p9_20260706\h2o_6old_0620clean_mature13_remaining_p003_p013_g5\p001_T10_HG10C_50RH_h2o,D:\gas_calibrator\_p9_20260706\h2o_6old_0620clean_mature13_remaining_p003_p013_g5\p001_T10_HG10C_50RH_h2o\formal_open_flow_data_quality_by_analyzer.csv,7,ed1eb70a09daea2a53887630bbc94f35f2014bb8b3c07548c214a703f484f595,True,[],True,review_only_would_write_preview,False,False,False,False,True,False,46e594a742e48f8618c74ab06d2dda251f83904cf2f61231fa13c76a30e05772
p2_catalog_point,h2o,p002_T10_HG10C_70RH_h2o,D:\gas_calibrator\_p9_20260706\h2o_6old_0620clean_mature13_remaining_p003_p013_g5\p002_T10_HG10C_70RH_h2o,D:\gas_calibrator\_p9_20260706\h2o_6old_0620clean_mature13_remaining_p003_p013_g5\p002_T10_HG10C_70RH_h2o\formal_open_flow_data_quality_by_analyzer.csv,7,e703fb8bb0ceb13d1049c9ad3d8132dcfa75e132109a8c039f543388a7720c9c,True,[],True,review_only_would_write_preview,False,False,False,False,True,False,46e594a742e48f8618c74ab06d2dda251f83904cf2f61231fa13c76a30e05772
p2_catalog_point,h2o,p003_T20_HG20C_30RH_h2o,D:\gas_calibrator\_p9_20260706\h2o_6old_0620clean_mature13_remaining_p003_p013_g5\p003_T20_HG20C_30RH_h2o,D:\gas_calibrator\_p9_20260706\h2o_6old_0620clean_mature13_remaining_p003_p013_g5\p003_T20_HG20C_30RH_h2o\formal_open_flow_data_quality_by_analyzer.csv,7,a982a246edca3ed44dd464f69d1553558a419c41bb77b301b58c2596a2662210,True,[],True,review_only_would_write_preview,False,False,False,False,True,False,46e594a742e48f8618c74ab06d2dda251f83904cf2f61231fa13c76a30e05772
p2_catalog_point,h2o,p004_T20_HG20C_50RH_h2o,D:\gas_calibrator\_p9_20260706\h2o_6old_0620clean_mature13_remaining_p003_p013_g5\p004_T20_HG20C_50RH_h2o,D:\gas_calibrator\_p9_20260706\h2o_6old_0620clean_mature13_remaining_p003_p013_g5\p004_T20_HG20C_50RH_h2o\formal_open_flow_data_quality_by_analyzer.csv,7,239cfe3ab4d4d3584829ffaa8a180e5d3397c5162e6634ae7d751dea332e68a4,True,[],True,review_only_would_write_preview,False,False,False,False,True,False,46e594a742e48f8618c74ab06d2dda251f83904cf2f61231fa13c76a30e05772
p2_catalog_point,h2o,p005_T20_HG20C_70RH_h2o,D:\gas_calibrator\_p9_20260706\h2o_6old_0620clean_mature13_remaining_p003_p013_g5\p005_T20_HG20C_70RH_h2o,D:\gas_calibrator\_p9_20260706\h2o_6old_0620clean_mature13_remaining_p003_p013_g5\p005_T20_HG20C_70RH_h2o\formal_open_flow_data_quality_by_analyzer.csv,7,246d2f114c16a4da74ef448c7a81bc56001b45f9a0b9e601c094826ca2736fa9,True,[],True,review_only_would_write_preview,False,False,False,False,True,False,46e594a742e48f8618c74ab06d2dda251f83904cf2f61231fa13c76a30e05772
p2_catalog_point,h2o,p006_T30_HG20C_30RH_h2o,D:\gas_calibrator\_p9_20260706\h2o_6old_0620clean_mature13_remaining_p003_p013_g5\p006_T30_HG20C_30RH_h2o,D:\gas_calibrator\_p9_20260706\h2o_6old_0620clean_mature13_remaining_p003_p013_g5\p006_T30_HG20C_30RH_h2o\formal_open_flow_data_quality_by_analyzer.csv,7,f35e146031164d7312b0cd90337d045fbcfc2dc517f387414ebfbbe559046014,True,[],True,review_only_would_write_preview,False,False,False,False,True,False,46e594a742e48f8618c74ab06d2dda251f83904cf2f61231fa13c76a30e05772
p2_catalog_point,h2o,p007_T30_HG20C_50RH_h2o,D:\gas_calibrator\_p9_20260706\h2o_6old_0620clean_mature13_remaining_p003_p013_g5\p007_T30_HG20C_50RH_h2o,D:\gas_calibrator\_p9_20260706\h2o_6old_0620clean_mature13_remaining_p003_p013_g5\p007_T30_HG20C_50RH_h2o\formal_open_flow_data_quality_by_analyzer.csv,7,5d8f90f8d994252297b72a294783affb4025be5f66263e8e7f9610b8bfef2946,True,[],True,review_only_would_write_preview,False,False,False,False,True,False,46e594a742e48f8618c74ab06d2dda251f83904cf2f61231fa13c76a30e05772
p2_catalog_point,h2o,p008_T30_HG20C_70RH_h2o,D:\gas_calibrator\_p9_20260706\h2o_6old_0620clean_mature13_remaining_p003_p013_g5\p008_T30_HG20C_70RH_h2o,D:\gas_calibrator\_p9_20260706\h2o_6old_0620clean_mature13_remaining_p003_p013_g5\p008_T30_HG20C_70RH_h2o\formal_open_flow_data_quality_by_analyzer.csv,7,10d2d59290440ae8312a5f2546f6d95173b70f93075a27999da3d0bf15bbe8ff,True,[],True,review_only_would_write_preview,False,False,False,False,True,False,46e594a742e48f8618c74ab06d2dda251f83904cf2f61231fa13c76a30e05772
p2_catalog_point,h2o,p009_T30_HG20C_90RH_h2o,D:\gas_calibrator\_p9_20260706\h2o_6old_0620clean_mature13_remaining_p003_p013_g5\p009_T30_HG20C_90RH_h2o,D:\gas_calibrator\_p9_20260706\h2o_6old_0620clean_mature13_remaining_p003_p013_g5\p009_T30_HG20C_90RH_h2o\formal_open_flow_data_quality_by_analyzer.csv,7,2b4a69667c7907349f0c0a318bb27336b268396b95853488e27b370b91ce146f,True,[],True,review_only_would_write_preview,False,False,False,False,True,False,46e594a742e48f8618c74ab06d2dda251f83904cf2f61231fa13c76a30e05772
p2_catalog_point,h2o,p010_T40_HG30C_50RH_h2o,D:\gas_calibrator\_p9_20260706\h2o_6old_0620clean_mature13_remaining_p003_p013_g5\p010_T40_HG30C_50RH_h2o,D:\gas_calibrator\_p9_20260706\h2o_6old_0620clean_mature13_remaining_p003_p013_g5\p010_T40_HG30C_50RH_h2o\formal_open_flow_data_quality_by_analyzer.csv,7,73170614d6f307782b997740b476ec57ce7efebfdd93714e99c5adc306fa692b,True,[],True,review_only_would_write_preview,False,False,False,False,True,False,46e594a742e48f8618c74ab06d2dda251f83904cf2f61231fa13c76a30e05772
p2_catalog_point,h2o,p011_T40_HG30C_70RH_h2o,D:\gas_calibrator\_p9_20260706\h2o_6old_0620clean_mature13_remaining_p003_p013_g5\p011_T40_HG30C_70RH_h2o,D:\gas_calibrator\_p9_20260706\h2o_6old_0620clean_mature13_remaining_p003_p013_g5\p011_T40_HG30C_70RH_h2o\formal_open_flow_data_quality_by_analyzer.csv,7,25eec6480024e8a6c118321914c74079e1e5dc423a47562882d8f88901506ad0,True,[],True,review_only_would_write_preview,False,False,False,False,True,False,46e594a742e48f8618c74ab06d2dda251f83904cf2f61231fa13c76a30e05772
p2_catalog_point,h2o,p001_T20_HG20C_30RH_h2o,D:\gas_calibrator\_p9_20260706\h2o_post_senco24_write_verification_5dev_no_temp_control_v1\p001_T20_HG20C_30RH_h2o,D:\gas_calibrator\_p9_20260706\h2o_post_senco24_write_verification_5dev_no_temp_control_v1\p001_T20_HG20C_30RH_h2o\formal_open_flow_data_quality_by_analyzer.csv,7,915caf80ef308a667bf3308dd57c347ae961f729155d01c1e9592970cf9d682f,True,[],True,review_only_would_write_preview,False,False,False,False,True,False,46e594a742e48f8618c74ab06d2dda251f83904cf2f61231fa13c76a30e05772
p2_catalog_point,h2o,p002_T20_HG20C_70RH_h2o,D:\gas_calibrator\_p9_20260706\h2o_post_senco24_write_verification_5dev_no_temp_control_v1\p002_T20_HG20C_70RH_h2o,D:\gas_calibrator\_p9_20260706\h2o_post_senco24_write_verification_5dev_no_temp_control_v1\p002_T20_HG20C_70RH_h2o\formal_open_flow_data_quality_by_analyzer.csv,7,231e281a103f4943e1d5be4221ad8140466da22685185e83c465d0237ee08155,True,[],True,review_only_would_write_preview,False,False,False,False,True,False,46e594a742e48f8618c74ab06d2dda251f83904cf2f61231fa13c76a30e05772
p2_catalog_point,h2o,p001_T25_HG25C_30RH_h2o,D:\gas_calibrator\_p9_20260706\h2o_post_senco24_write_verification_5dev_temp25_control_v1\p001_T25_HG25C_30RH_h2o,D:\gas_calibrator\_p9_20260706\h2o_post_senco24_write_verification_5dev_temp25_control_v1\p001_T25_HG25C_30RH_h2o\formal_open_flow_data_quality_by_analyzer.csv,7,e015e506b3baf54c51f91d1d86d0f3772e2d784ff69f58584ec826e191ba609f,True,[],True,review_only_would_write_preview,False,False,False,False,True,False,46e594a742e48f8618c74ab06d2dda251f83904cf2f61231fa13c76a30e05772
p2_catalog_point,h2o,p002_T25_HG25C_70RH_h2o,D:\gas_calibrator\_p9_20260706\h2o_post_senco24_write_verification_5dev_temp25_control_v1\p002_T25_HG25C_70RH_h2o,D:\gas_calibrator\_p9_20260706\h2o_post_senco24_write_verification_5dev_temp25_control_v1\p002_T25_HG25C_70RH_h2o\formal_open_flow_data_quality_by_analyzer.csv,7,17c0ff68529116d656bfe1df130f5241dab9858b3a051194a6f013afd742eca3,True,[],True,review_only_would_write_preview,False,False,False,False,True,False,46e594a742e48f8618c74ab06d2dda251f83904cf2f61231fa13c76a30e05772
p2_catalog_point,h2o,p001_T25_HG25C_30RH_h2o,D:\gas_calibrator\_p9_20260706\h2o_state_transfer_diagnostic_25c_30rh_retry_v1\p001_T25_HG25C_30RH_h2o,D:\gas_calibrator\_p9_20260706\h2o_state_transfer_diagnostic_25c_30rh_retry_v1\p001_T25_HG25C_30RH_h2o\formal_open_flow_data_quality_by_analyzer.csv,7,b8db1a16249de9c9612dd684bcb89d7d7b23f511a0151d72fbd8061467e58963,True,[],True,review_only_would_write_preview,False,False,False,False,True,False,46e594a742e48f8618c74ab06d2dda251f83904cf2f61231fa13c76a30e05772
p2_catalog_point,h2o,p001_T25_HG25C_50RH_h2o,D:\gas_calibrator\_p9_20260706\h2o_state_transfer_diagnostic_25c_50rh_real_point_v1\p001_T25_HG25C_50RH_h2o,D:\gas_calibrator\_p9_20260706\h2o_state_transfer_diagnostic_25c_50rh_real_point_v1\p001_T25_HG25C_50RH_h2o\formal_open_flow_data_quality_by_analyzer.csv,7,08f478a2f55d8d508d95921f5b19bcfc6c2218dac64b793116c8c0ba77378df5,True,[],True,review_only_would_write_preview,False,False,False,False,True,False,46e594a742e48f8618c74ab06d2dda251f83904cf2f61231fa13c76a30e05772
p2_catalog_point,co2,p001_T40_0ppm_fit,D:\gas_calibrator\_worktrees\v1_5_fixed_wait_window_gate_1aee26d_clean\_handoff\new_algo_001_init_20260627\formal\co2_open_flow_0620_mature_20260627_r1\co2_r2\p001_T40_0ppm_fit,D:\gas_calibrator\_worktrees\v1_5_fixed_wait_window_gate_1aee26d_clean\_handoff\new_algo_001_init_20260627\formal\co2_open_flow_0620_mature_20260627_r1\co2_r2\p001_T40_0ppm_fit\formal_open_flow_data_quality_by_analyzer.csv,5,5872ed7a7e797b1ddeb3432013e8346559ddc6f9811f46d5f2ae9b23cd532365,True,[],True,review_only_would_write_preview,False,False,False,False,True,False,46e594a742e48f8618c74ab06d2dda251f83904cf2f61231fa13c76a30e05772
p2_catalog_point,co2,p002_T40_400ppm_fit,D:\gas_calibrator\_worktrees\v1_5_fixed_wait_window_gate_1aee26d_clean\_handoff\new_algo_001_init_20260627\formal\co2_open_flow_0620_mature_20260627_r1\co2_r2\p002_T40_400ppm_fit,D:\gas_calibrator\_worktrees\v1_5_fixed_wait_window_gate_1aee26d_clean\_handoff\new_algo_001_init_20260627\formal\co2_open_flow_0620_mature_20260627_r1\co2_r2\p002_T40_400ppm_fit\formal_open_flow_data_quality_by_analyzer.csv,5,436f415267a095f18ceeaa0a63f51cda7875917a4eb27b5b50ac261d6e7a8274,True,[],True,review_only_would_write_preview,False,False,False,False,True,False,46e594a742e48f8618c74ab06d2dda251f83904cf2f61231fa13c76a30e05772
p2_catalog_point,co2,p003_T40_1000ppm_fit,D:\gas_calibrator\_worktrees\v1_5_fixed_wait_window_gate_1aee26d_clean\_handoff\new_algo_001_init_20260627\formal\co2_open_flow_0620_mature_20260627_r1\co2_r2\p003_T40_1000ppm_fit,D:\gas_calibrator\_worktrees\v1_5_fixed_wait_window_gate_1aee26d_clean\_handoff\new_algo_001_init_20260627\formal\co2_open_flow_0620_mature_20260627_r1\co2_r2\p003_T40_1000ppm_fit\formal_open_flow_data_quality_by_analyzer.csv,5,8a06f73e4519ab840a8367586c11cf8f25e47e1ed99f00636e52666dd6841ef8,True,[],True,review_only_would_write_preview,False,False,False,False,True,False,46e594a742e48f8618c74ab06d2dda251f83904cf2f61231fa13c76a30e05772
p2_catalog_point,co2,p004_T30_0ppm_fit,D:\gas_calibrator\_worktrees\v1_5_fixed_wait_window_gate_1aee26d_clean\_handoff\new_algo_001_init_20260627\formal\co2_open_flow_0620_mature_20260627_r1\co2_r2\p004_T30_0ppm_fit,D:\gas_calibrator\_worktrees\v1_5_fixed_wait_window_gate_1aee26d_clean\_handoff\new_algo_001_init_20260627\formal\co2_open_flow_0620_mature_20260627_r1\co2_r2\p004_T30_0ppm_fit\formal_open_flow_data_quality_by_analyzer.csv,5,ed5c6f542ecc59e1a2997d45d804584e24aa0971f7a4de61eacdd2b3c49e18fa,True,[],True,review_only_would_write_preview,False,False,False,False,True,False,46e594a742e48f8618c74ab06d2dda251f83904cf2f61231fa13c76a30e05772
p2_catalog_point,co2,p005_T30_100ppm_fit,D:\gas_calibrator\_worktrees\v1_5_fixed_wait_window_gate_1aee26d_clean\_handoff\new_algo_001_init_20260627\formal\co2_open_flow_0620_mature_20260627_r1\co2_r2\p005_T30_100ppm_fit,D:\gas_calibrator\_worktrees\v1_5_fixed_wait_window_gate_1aee26d_clean\_handoff\new_algo_001_init_20260627\formal\co2_open_flow_0620_mature_20260627_r1\co2_r2\p005_T30_100ppm_fit\formal_open_flow_data_quality_by_analyzer.csv,5,e77b856fcf42ab82b4292d6d6f79e5227d2bcc0322858013035105a31b4759b9,True,[],True,review_only_would_write_preview,False,False,False,False,True,False,46e594a742e48f8618c74ab06d2dda251f83904cf2f61231fa13c76a30e05772
p2_catalog_point,co2,p006_T30_200ppm_fit,D:\gas_calibrator\_worktrees\v1_5_fixed_wait_window_gate_1aee26d_clean\_handoff\new_algo_001_init_20260627\formal\co2_open_flow_0620_mature_20260627_r1\co2_r2\p006_T30_200ppm_fit,D:\gas_calibrator\_worktrees\v1_5_fixed_wait_window_gate_1aee26d_clean\_handoff\new_algo_001_init_20260627\formal\co2_open_flow_0620_mature_20260627_r1\co2_r2\p006_T30_200ppm_fit\formal_open_flow_data_quality_by_analyzer.csv,5,74eeddee0fb351f8a48ff4902fd98d808f4c05a58a9a610c20b778dfe5f4e5b8,True,[],True,review_only_would_write_preview,False,False,False,False,True,False,46e594a742e48f8618c74ab06d2dda251f83904cf2f61231fa13c76a30e05772
p2_catalog_point,co2,p007_T30_300ppm_fit,D:\gas_calibrator\_worktrees\v1_5_fixed_wait_window_gate_1aee26d_clean\_handoff\new_algo_001_init_20260627\formal\co2_open_flow_0620_mature_20260627_r1\co2_r2\p007_T30_300ppm_fit,D:\gas_calibrator\_worktrees\v1_5_fixed_wait_window_gate_1aee26d_clean\_handoff\new_algo_001_init_20260627\formal\co2_open_flow_0620_mature_20260627_r1\co2_r2\p007_T30_300ppm_fit\formal_open_flow_data_quality_by_analyzer.csv,5,378712bedd0015322076e7a9e028259793c219bf996fe07e4131b087863430b4,True,[],True,review_only_would_write_preview,False,False,False,False,True,False,46e594a742e48f8618c74ab06d2dda251f83904cf2f61231fa13c76a30e05772
p2_catalog_point,co2,p008_T30_400ppm_fit,D:\gas_calibrator\_worktrees\v1_5_fixed_wait_window_gate_1aee26d_clean\_handoff\new_algo_001_init_20260627\formal\co2_open_flow_0620_mature_20260627_r1\co2_r2\p008_T30_400ppm_fit,D:\gas_calibrator\_worktrees\v1_5_fixed_wait_window_gate_1aee26d_clean\_handoff\new_algo_001_init_20260627\formal\co2_open_flow_0620_mature_20260627_r1\co2_r2\p008_T30_400ppm_fit\formal_open_flow_data_quality_by_analyzer.csv,5,705280a858f34f5a4eb6569bcfa53ae292438b7d68012334092d41d6d6576e3d,True,[],True,review_only_would_write_preview,False,False,False,False,True,False,46e594a742e48f8618c74ab06d2dda251f83904cf2f61231fa13c76a30e05772
p2_catalog_point,co2,p009_T30_500ppm_fit,D:\gas_calibrator\_worktrees\v1_5_fixed_wait_window_gate_1aee26d_clean\_handoff\new_algo_001_init_20260627\formal\co2_open_flow_0620_mature_20260627_r1\co2_r2\p009_T30_500ppm_fit,D:\gas_calibrator\_worktrees\v1_5_fixed_wait_window_gate_1aee26d_clean\_handoff\new_algo_001_init_20260627\formal\co2_open_flow_0620_mature_20260627_r1\co2_r2\p009_T30_500ppm_fit\formal_open_flow_data_quality_by_analyzer.csv,5,ae0d2746c9878433f3e85755f2aa78f42afedd145da4b92ea82dab1d06f5da62,True,[],True,review_only_would_write_preview,False,False,False,False,True,False,46e594a742e48f8618c74ab06d2dda251f83904cf2f61231fa13c76a30e05772
p2_catalog_point,co2,p010_T30_600ppm_fit,D:\gas_calibrator\_worktrees\v1_5_fixed_wait_window_gate_1aee26d_clean\_handoff\new_algo_001_init_20260627\formal\co2_open_flow_0620_mature_20260627_r1\co2_r2\p010_T30_600ppm_fit,D:\gas_calibrator\_worktrees\v1_5_fixed_wait_window_gate_1aee26d_clean\_handoff\new_algo_001_init_20260627\formal\co2_open_flow_0620_mature_20260627_r1\co2_r2\p010_T30_600ppm_fit\formal_open_flow_data_quality_by_analyzer.csv,5,302ca9a68b9c657deb5f798477ce35c4b9d1e0ef7cb7c195da00811662284478,True,[],True,review_only_would_write_preview,False,False,False,False,True,False,46e594a742e48f8618c74ab06d2dda251f83904cf2f61231fa13c76a30e05772
p2_catalog_point,co2,p011_T30_700ppm_fit,D:\gas_calibrator\_worktrees\v1_5_fixed_wait_window_gate_1aee26d_clean\_handoff\new_algo_001_init_20260627\formal\co2_open_flow_0620_mature_20260627_r1\co2_r2\p011_T30_700ppm_fit,D:\gas_calibrator\_worktrees\v1_5_fixed_wait_window_gate_1aee26d_clean\_handoff\new_algo_001_init_20260627\formal\co2_open_flow_0620_mature_20260627_r1\co2_r2\p011_T30_700ppm_fit\formal_open_flow_data_quality_by_analyzer.csv,5,849a62cf2c69569b40dfe3eabd7c433aeba1f23ac8572f7fd9d068db89ad5735,True,[],True,review_only_would_write_preview,False,False,False,False,True,False,46e594a742e48f8618c74ab06d2dda251f83904cf2f61231fa13c76a30e05772
p2_catalog_point,co2,p012_T30_800ppm_fit,D:\gas_calibrator\_worktrees\v1_5_fixed_wait_window_gate_1aee26d_clean\_handoff\new_algo_001_init_20260627\formal\co2_open_flow_0620_mature_20260627_r1\co2_r2\p012_T30_800ppm_fit,D:\gas_calibrator\_worktrees\v1_5_fixed_wait_window_gate_1aee26d_clean\_handoff\new_algo_001_init_20260627\formal\co2_open_flow_0620_mature_20260627_r1\co2_r2\p012_T30_800ppm_fit\formal_open_flow_data_quality_by_analyzer.csv,5,7dd0fee80144658bcb4ec4a06a76504a5d2ffe3526a485cf1089b43700ce3744,True,[],True,review_only_would_write_preview,False,False,False,False,True,False,46e594a742e48f8618c74ab06d2dda251f83904cf2f61231fa13c76a30e05772
p2_catalog_point,co2,p013_T30_900ppm_fit,D:\gas_calibrator\_worktrees\v1_5_fixed_wait_window_gate_1aee26d_clean\_handoff\new_algo_001_init_20260627\formal\co2_open_flow_0620_mature_20260627_r1\co2_r2\p013_T30_900ppm_fit,D:\gas_calibrator\_worktrees\v1_5_fixed_wait_window_gate_1aee26d_clean\_handoff\new_algo_001_init_20260627\formal\co2_open_flow_0620_mature_20260627_r1\co2_r2\p013_T30_900ppm_fit\formal_open_flow_data_quality_by_analyzer.csv,5,ef791c2a8b74a8fdc799110073f8c0ddc37f657a4fba13e015f44893280ec511,True,[],True,review_only_would_write_preview,False,False,False,False,True,False,46e594a742e48f8618c74ab06d2dda251f83904cf2f61231fa13c76a30e05772
p2_catalog_point,co2,p014_T30_1000ppm_fit,D:\gas_calibrator\_worktrees\v1_5_fixed_wait_window_gate_1aee26d_clean\_handoff\new_algo_001_init_20260627\formal\co2_open_flow_0620_mature_20260627_r1\co2_r2\p014_T30_1000ppm_fit,D:\gas_calibrator\_worktrees\v1_5_fixed_wait_window_gate_1aee26d_clean\_handoff\new_algo_001_init_20260627\formal\co2_open_flow_0620_mature_20260627_r1\co2_r2\p014_T30_1000ppm_fit\formal_open_flow_data_quality_by_analyzer.csv,5,6dd8e6976763737b1ae6f8915e6e549eac8bec67ebd5c869004a824215582d90,True,[],True,review_only_would_write_preview,False,False,False,False,True,False,46e594a742e48f8618c74ab06d2dda251f83904cf2f61231fa13c76a30e05772
p2_catalog_point,co2,p015_T20_0ppm_fit,D:\gas_calibrator\_worktrees\v1_5_fixed_wait_window_gate_1aee26d_clean\_handoff\new_algo_001_init_20260627\formal\co2_open_flow_0620_mature_20260627_r1\co2_r2\p015_T20_0ppm_fit,D:\gas_calibrator\_worktrees\v1_5_fixed_wait_window_gate_1aee26d_clean\_handoff\new_algo_001_init_20260627\formal\co2_open_flow_0620_mature_20260627_r1\co2_r2\p015_T20_0ppm_fit\formal_open_flow_data_quality_by_analyzer.csv,5,f196d09fdf1ec3d99c9fc8c2e5c3bd7d553cb4215a770daa26fe003a2ea927ab,True,[],True,review_only_would_write_preview,False,False,False,False,True,False,46e594a742e48f8618c74ab06d2dda251f83904cf2f61231fa13c76a30e05772
p2_catalog_point,co2,p016_T20_100ppm_fit,D:\gas_calibrator\_worktrees\v1_5_fixed_wait_window_gate_1aee26d_clean\_handoff\new_algo_001_init_20260627\formal\co2_open_flow_0620_mature_20260627_r1\co2_r2\p016_T20_100ppm_fit,D:\gas_calibrator\_worktrees\v1_5_fixed_wait_window_gate_1aee26d_clean\_handoff\new_algo_001_init_20260627\formal\co2_open_flow_0620_mature_20260627_r1\co2_r2\p016_T20_100ppm_fit\formal_open_flow_data_quality_by_analyzer.csv,5,07ad36c1d71b467e2022bf0932a5af75a667c652a69b40d1c17ba62953842c87,True,[],True,review_only_would_write_preview,False,False,False,False,True,False,46e594a742e48f8618c74ab06d2dda251f83904cf2f61231fa13c76a30e05772
p2_catalog_point,co2,p018_T20_300ppm_fit,D:\gas_calibrator\_worktrees\v1_5_fixed_wait_window_gate_1aee26d_clean\_handoff\new_algo_001_init_20260627\formal\co2_open_flow_0620_mature_20260627_r1\co2_r2\p018_T20_300ppm_fit,D:\gas_calibrator\_worktrees\v1_5_fixed_wait_window_gate_1aee26d_clean\_handoff\new_algo_001_init_20260627\formal\co2_open_flow_0620_mature_20260627_r1\co2_r2\p018_T20_300ppm_fit\formal_open_flow_data_quality_by_analyzer.csv,5,aed1fbdb184499550ed75ceb8ae898742a5d7b29efde2e211e66b8b9d61da6c1,True,[],True,review_only_would_write_preview,False,False,False,False,True,False,46e594a742e48f8618c74ab06d2dda251f83904cf2f61231fa13c76a30e05772
p2_catalog_point,co2,p019_T20_400ppm_fit,D:\gas_calibrator\_worktrees\v1_5_fixed_wait_window_gate_1aee26d_clean\_handoff\new_algo_001_init_20260627\formal\co2_open_flow_0620_mature_20260627_r1\co2_r2\p019_T20_400ppm_fit,D:\gas_calibrator\_worktrees\v1_5_fixed_wait_window_gate_1aee26d_clean\_handoff\new_algo_001_init_20260627\formal\co2_open_flow_0620_mature_20260627_r1\co2_r2\p019_T20_400ppm_fit\formal_open_flow_data_quality_by_analyzer.csv,5,741ac322ad6a8183fd3ddf0feec0a4d316ee356c8750e8bfb335f503a8ccf209,True,[],True,review_only_would_write_preview,False,False,False,False,True,False,46e594a742e48f8618c74ab06d2dda251f83904cf2f61231fa13c76a30e05772
p2_catalog_point,co2,p020_T20_500ppm_fit,D:\gas_calibrator\_worktrees\v1_5_fixed_wait_window_gate_1aee26d_clean\_handoff\new_algo_001_init_20260627\formal\co2_open_flow_0620_mature_20260627_r1\co2_r2\p020_T20_500ppm_fit,D:\gas_calibrator\_worktrees\v1_5_fixed_wait_window_gate_1aee26d_clean\_handoff\new_algo_001_init_20260627\formal\co2_open_flow_0620_mature_20260627_r1\co2_r2\p020_T20_500ppm_fit\formal_open_flow_data_quality_by_analyzer.csv,5,bff2d16bd576992de7172844c0722317b49bcde2cc9eaecbe72b7b7c18bb0a3e,True,[],True,review_only_would_write_preview,False,False,False,False,True,False,46e594a742e48f8618c74ab06d2dda251f83904cf2f61231fa13c76a30e05772
p2_catalog_point,co2,p021_T20_600ppm_fit,D:\gas_calibrator\_worktrees\v1_5_fixed_wait_window_gate_1aee26d_clean\_handoff\new_algo_001_init_20260627\formal\co2_open_flow_0620_mature_20260627_r1\co2_r2\p021_T20_600ppm_fit,D:\gas_calibrator\_worktrees\v1_5_fixed_wait_window_gate_1aee26d_clean\_handoff\new_algo_001_init_20260627\formal\co2_open_flow_0620_mature_20260627_r1\co2_r2\p021_T20_600ppm_fit\formal_open_flow_data_quality_by_analyzer.csv,5,11e0ae5d2590be758799d3e336528823d7c49acb8b60f1664d96fae6b69fe155,True,[],True,review_only_would_write_preview,False,False,False,False,True,False,46e594a742e48f8618c74ab06d2dda251f83904cf2f61231fa13c76a30e05772
p2_catalog_point,co2,p022_T20_700ppm_fit,D:\gas_calibrator\_worktrees\v1_5_fixed_wait_window_gate_1aee26d_clean\_handoff\new_algo_001_init_20260627\formal\co2_open_flow_0620_mature_20260627_r1\co2_r2\p022_T20_700ppm_fit,D:\gas_calibrator\_worktrees\v1_5_fixed_wait_window_gate_1aee26d_clean\_handoff\new_algo_001_init_20260627\formal\co2_open_flow_0620_mature_20260627_r1\co2_r2\p022_T20_700ppm_fit\formal_open_flow_data_quality_by_analyzer.csv,5,88c1e705660eafde926eabbd31f3d56ae27d96b80e1f91a9c1005f10b2bfde0e,True,[],True,review_only_would_write_preview,False,False,False,False,True,False,46e594a742e48f8618c74ab06d2dda251f83904cf2f61231fa13c76a30e05772
p2_catalog_point,co2,p023_T20_800ppm_fit,D:\gas_calibrator\_worktrees\v1_5_fixed_wait_window_gate_1aee26d_clean\_handoff\new_algo_001_init_20260627\formal\co2_open_flow_0620_mature_20260627_r1\co2_r2\p023_T20_800ppm_fit,D:\gas_calibrator\_worktrees\v1_5_fixed_wait_window_gate_1aee26d_clean\_handoff\new_algo_001_init_20260627\formal\co2_open_flow_0620_mature_20260627_r1\co2_r2\p023_T20_800ppm_fit\formal_open_flow_data_quality_by_analyzer.csv,5,563b5aa6408be7856dcd1ed526e9b212e3e6aee218012da1a420b97d3db0c923,True,[],True,review_only_would_write_preview,False,False,False,False,True,False,46e594a742e48f8618c74ab06d2dda251f83904cf2f61231fa13c76a30e05772
p2_catalog_point,co2,p024_T20_900ppm_fit,D:\gas_calibrator\_worktrees\v1_5_fixed_wait_window_gate_1aee26d_clean\_handoff\new_algo_001_init_20260627\formal\co2_open_flow_0620_mature_20260627_r1\co2_r2\p024_T20_900ppm_fit,D:\gas_calibrator\_worktrees\v1_5_fixed_wait_window_gate_1aee26d_clean\_handoff\new_algo_001_init_20260627\formal\co2_open_flow_0620_mature_20260627_r1\co2_r2\p024_T20_900ppm_fit\formal_open_flow_data_quality_by_analyzer.csv,5,e5ff98cbee4ea1c5c4b7d95723a8f506e59490fae1cd6f45b6284e2271bc95cf,True,[],True,review_only_would_write_preview,False,False,False,False,True,False,46e594a742e48f8618c74ab06d2dda251f83904cf2f61231fa13c76a30e05772
p2_catalog_point,co2,p025_T20_1000ppm_fit,D:\gas_calibrator\_worktrees\v1_5_fixed_wait_window_gate_1aee26d_clean\_handoff\new_algo_001_init_20260627\formal\co2_open_flow_0620_mature_20260627_r1\co2_r2\p025_T20_1000ppm_fit,D:\gas_calibrator\_worktrees\v1_5_fixed_wait_window_gate_1aee26d_clean\_handoff\new_algo_001_init_20260627\formal\co2_open_flow_0620_mature_20260627_r1\co2_r2\p025_T20_1000ppm_fit\formal_open_flow_data_quality_by_analyzer.csv,5,15fd0492908b046738dc2a131d1a285fc114fe2aaf93dca6ec5a683360992735,True,[],True,review_only_would_write_preview,False,False,False,False,True,False,46e594a742e48f8618c74ab06d2dda251f83904cf2f61231fa13c76a30e05772
p2_catalog_point,co2,p026_T10_0ppm_fit,D:\gas_calibrator\_worktrees\v1_5_fixed_wait_window_gate_1aee26d_clean\_handoff\new_algo_001_init_20260627\formal\co2_open_flow_0620_mature_20260627_r1\co2_r2\p026_T10_0ppm_fit,D:\gas_calibrator\_worktrees\v1_5_fixed_wait_window_gate_1aee26d_clean\_handoff\new_algo_001_init_20260627\formal\co2_open_flow_0620_mature_20260627_r1\co2_r2\p026_T10_0ppm_fit\formal_open_flow_data_quality_by_analyzer.csv,5,f87511222577e916d67da7fe6032570ef7bb4dbe09e318a127c7442631b3caa4,True,[],True,review_only_would_write_preview,False,False,False,False,True,False,46e594a742e48f8618c74ab06d2dda251f83904cf2f61231fa13c76a30e05772
p2_catalog_point,co2,p027_T10_100ppm_fit,D:\gas_calibrator\_worktrees\v1_5_fixed_wait_window_gate_1aee26d_clean\_handoff\new_algo_001_init_20260627\formal\co2_open_flow_0620_mature_20260627_r1\co2_r2\p027_T10_100ppm_fit,D:\gas_calibrator\_worktrees\v1_5_fixed_wait_window_gate_1aee26d_clean\_handoff\new_algo_001_init_20260627\formal\co2_open_flow_0620_mature_20260627_r1\co2_r2\p027_T10_100ppm_fit\formal_open_flow_data_quality_by_analyzer.csv,5,5356be53aecf6bec4c3a77a59c9829567337ca22fffe583f8285f92186491b0c,True,[],True,review_only_would_write_preview,False,False,False,False,True,False,46e594a742e48f8618c74ab06d2dda251f83904cf2f61231fa13c76a30e05772
p2_catalog_point,co2,p028_T10_200ppm_fit,D:\gas_calibrator\_worktrees\v1_5_fixed_wait_window_gate_1aee26d_clean\_handoff\new_algo_001_init_20260627\formal\co2_open_flow_0620_mature_20260627_r1\co2_r2\p028_T10_200ppm_fit,D:\gas_calibrator\_worktrees\v1_5_fixed_wait_window_gate_1aee26d_clean\_handoff\new_algo_001_init_20260627\formal\co2_open_flow_0620_mature_20260627_r1\co2_r2\p028_T10_200ppm_fit\formal_open_flow_data_quality_by_analyzer.csv,5,d0d96b145aadb0eda13663470857ecae7e18fb4e4d391fba87bf4d29cf111bf8,True,[],True,review_only_would_write_preview,False,False,False,False,True,False,46e594a742e48f8618c74ab06d2dda251f83904cf2f61231fa13c76a30e05772
p2_catalog_point,co2,p029_T10_300ppm_fit,D:\gas_calibrator\_worktrees\v1_5_fixed_wait_window_gate_1aee26d_clean\_handoff\new_algo_001_init_20260627\formal\co2_open_flow_0620_mature_20260627_r1\co2_r2\p029_T10_300ppm_fit,D:\gas_calibrator\_worktrees\v1_5_fixed_wait_window_gate_1aee26d_clean\_handoff\new_algo_001_init_20260627\formal\co2_open_flow_0620_mature_20260627_r1\co2_r2\p029_T10_300ppm_fit\formal_open_flow_data_quality_by_analyzer.csv,5,f289200fd03c4e412e14713cf8d3d8eb23e96873248e924b36b5bd9d4c4a5cc3,True,[],True,review_only_would_write_preview,False,False,False,False,True,False,46e594a742e48f8618c74ab06d2dda251f83904cf2f61231fa13c76a30e05772
p2_catalog_point,co2,p030_T10_400ppm_fit,D:\gas_calibrator\_worktrees\v1_5_fixed_wait_window_gate_1aee26d_clean\_handoff\new_algo_001_init_20260627\formal\co2_open_flow_0620_mature_20260627_r1\co2_r2\p030_T10_400ppm_fit,D:\gas_calibrator\_worktrees\v1_5_fixed_wait_window_gate_1aee26d_clean\_handoff\new_algo_001_init_20260627\formal\co2_open_flow_0620_mature_20260627_r1\co2_r2\p030_T10_400ppm_fit\formal_open_flow_data_quality_by_analyzer.csv,5,2c8d6faace0b0ecfbcf2cbcfabdab6144c464dddbeb0f844b5b9e84f6c309f64,True,[],True,review_only_would_write_preview,False,False,False,False,True,False,46e594a742e48f8618c74ab06d2dda251f83904cf2f61231fa13c76a30e05772
p2_catalog_point,co2,p031_T10_500ppm_fit,D:\gas_calibrator\_worktrees\v1_5_fixed_wait_window_gate_1aee26d_clean\_handoff\new_algo_001_init_20260627\formal\co2_open_flow_0620_mature_20260627_r1\co2_r2\p031_T10_500ppm_fit,D:\gas_calibrator\_worktrees\v1_5_fixed_wait_window_gate_1aee26d_clean\_handoff\new_algo_001_init_20260627\formal\co2_open_flow_0620_mature_20260627_r1\co2_r2\p031_T10_500ppm_fit\formal_open_flow_data_quality_by_analyzer.csv,5,4deb9d8ab5704713aac5f72363111b824583f06e956c05ddbbd107e67b466bdc,True,[],True,review_only_would_write_preview,False,False,False,False,True,False,46e594a742e48f8618c74ab06d2dda251f83904cf2f61231fa13c76a30e05772
p2_catalog_point,co2,p032_T10_600ppm_fit,D:\gas_calibrator\_worktrees\v1_5_fixed_wait_window_gate_1aee26d_clean\_handoff\new_algo_001_init_20260627\formal\co2_open_flow_0620_mature_20260627_r1\co2_r2\p032_T10_600ppm_fit,D:\gas_calibrator\_worktrees\v1_5_fixed_wait_window_gate_1aee26d_clean\_handoff\new_algo_001_init_20260627\formal\co2_open_flow_0620_mature_20260627_r1\co2_r2\p032_T10_600ppm_fit\formal_open_flow_data_quality_by_analyzer.csv,5,cbb0cbce1b93db809803b74f25194bbd4a197e361596dbba367cc84e3736aad6,True,[],True,review_only_would_write_preview,False,False,False,False,True,False,46e594a742e48f8618c74ab06d2dda251f83904cf2f61231fa13c76a30e05772
p2_catalog_point,co2,p033_T10_700ppm_fit,D:\gas_calibrator\_worktrees\v1_5_fixed_wait_window_gate_1aee26d_clean\_handoff\new_algo_001_init_20260627\formal\co2_open_flow_0620_mature_20260627_r1\co2_r2\p033_T10_700ppm_fit,D:\gas_calibrator\_worktrees\v1_5_fixed_wait_window_gate_1aee26d_clean\_handoff\new_algo_001_init_20260627\formal\co2_open_flow_0620_mature_20260627_r1\co2_r2\p033_T10_700ppm_fit\formal_open_flow_data_quality_by_analyzer.csv,5,acb4c406156a50eabff0140de55fe232a77c555a1556b1afadfd11fed191cc9c,True,[],True,review_only_would_write_preview,False,False,False,False,True,False,46e594a742e48f8618c74ab06d2dda251f83904cf2f61231fa13c76a30e05772
p2_catalog_point,co2,p034_T10_800ppm_fit,D:\gas_calibrator\_worktrees\v1_5_fixed_wait_window_gate_1aee26d_clean\_handoff\new_algo_001_init_20260627\formal\co2_open_flow_0620_mature_20260627_r1\co2_r2\p034_T10_800ppm_fit,D:\gas_calibrator\_worktrees\v1_5_fixed_wait_window_gate_1aee26d_clean\_handoff\new_algo_001_init_20260627\formal\co2_open_flow_0620_mature_20260627_r1\co2_r2\p034_T10_800ppm_fit\formal_open_flow_data_quality_by_analyzer.csv,5,c3288bddca30147e0302ad3abfe4473981ccaf9323106eeeb494c7dd6aa15255,True,[],True,review_only_would_write_preview,False,False,False,False,True,False,46e594a742e48f8618c74ab06d2dda251f83904cf2f61231fa13c76a30e05772
p2_catalog_point,co2,p035_T10_900ppm_fit,D:\gas_calibrator\_worktrees\v1_5_fixed_wait_window_gate_1aee26d_clean\_handoff\new_algo_001_init_20260627\formal\co2_open_flow_0620_mature_20260627_r1\co2_r2\p035_T10_900ppm_fit,D:\gas_calibrator\_worktrees\v1_5_fixed_wait_window_gate_1aee26d_clean\_handoff\new_algo_001_init_20260627\formal\co2_open_flow_0620_mature_20260627_r1\co2_r2\p035_T10_900ppm_fit\formal_open_flow_data_quality_by_analyzer.csv,5,b09477019de08b402e3092655ee67011a435caee7c7278ce08be647fba670bd9,True,[],True,review_only_would_write_preview,False,False,False,False,True,False,46e594a742e48f8618c74ab06d2dda251f83904cf2f61231fa13c76a30e05772
p2_catalog_point,co2,p036_T10_1000ppm_fit,D:\gas_calibrator\_worktrees\v1_5_fixed_wait_window_gate_1aee26d_clean\_handoff\new_algo_001_init_20260627\formal\co2_open_flow_0620_mature_20260627_r1\co2_r2\p036_T10_1000ppm_fit,D:\gas_calibrator\_worktrees\v1_5_fixed_wait_window_gate_1aee26d_clean\_handoff\new_algo_001_init_20260627\formal\co2_open_flow_0620_mature_20260627_r1\co2_r2\p036_T10_1000ppm_fit\formal_open_flow_data_quality_by_analyzer.csv,5,7b095a93edb0f3ee4fc4feb35e95269237c1c6ecc4f7f7099b26972efa2498e3,True,[],True,review_only_would_write_preview,False,False,False,False,True,False,46e594a742e48f8618c74ab06d2dda251f83904cf2f61231fa13c76a30e05772
p2_catalog_point,co2,p037_T0_0ppm_fit,D:\gas_calibrator\_worktrees\v1_5_fixed_wait_window_gate_1aee26d_clean\_handoff\new_algo_001_init_20260627\formal\co2_open_flow_0620_mature_20260627_r1\co2_r2\p037_T0_0ppm_fit,D:\gas_calibrator\_worktrees\v1_5_fixed_wait_window_gate_1aee26d_clean\_handoff\new_algo_001_init_20260627\formal\co2_open_flow_0620_mature_20260627_r1\co2_r2\p037_T0_0ppm_fit\formal_open_flow_data_quality_by_analyzer.csv,5,8b4fed5cd98b2d099e81c501a6230192ca867add36be4170044f32044c75b716,True,[],True,review_only_would_write_preview,False,False,False,False,True,False,46e594a742e48f8618c74ab06d2dda251f83904cf2f61231fa13c76a30e05772
p2_catalog_point,co2,p038_T0_400ppm_fit,D:\gas_calibrator\_worktrees\v1_5_fixed_wait_window_gate_1aee26d_clean\_handoff\new_algo_001_init_20260627\formal\co2_open_flow_0620_mature_20260627_r1\co2_r2\p038_T0_400ppm_fit,D:\gas_calibrator\_worktrees\v1_5_fixed_wait_window_gate_1aee26d_clean\_handoff\new_algo_001_init_20260627\formal\co2_open_flow_0620_mature_20260627_r1\co2_r2\p038_T0_400ppm_fit\formal_open_flow_data_quality_by_analyzer.csv,5,bbe50cf6a51223c6295a41e6437ce40cea249b1d69aa29e51effee14db166ca6,True,[],True,review_only_would_write_preview,False,False,False,False,True,False,46e594a742e48f8618c74ab06d2dda251f83904cf2f61231fa13c76a30e05772
p2_catalog_point,co2,p039_T0_1000ppm_fit,D:\gas_calibrator\_worktrees\v1_5_fixed_wait_window_gate_1aee26d_clean\_handoff\new_algo_001_init_20260627\formal\co2_open_flow_0620_mature_20260627_r1\co2_r2\p039_T0_1000ppm_fit,D:\gas_calibrator\_worktrees\v1_5_fixed_wait_window_gate_1aee26d_clean\_handoff\new_algo_001_init_20260627\formal\co2_open_flow_0620_mature_20260627_r1\co2_r2\p039_T0_1000ppm_fit\formal_open_flow_data_quality_by_analyzer.csv,5,89cf50eba40c6f6adf29dec78f644459e98615f7dea767269f2d9c1f35e4ce0b,True,[],True,review_only_would_write_preview,False,False,False,False,True,False,46e594a742e48f8618c74ab06d2dda251f83904cf2f61231fa13c76a30e05772
p2_catalog_point,co2,p001_Tm10_0ppm_fit,D:\gas_calibrator\_worktrees\v1_5_fixed_wait_window_gate_1aee26d_clean\_handoff\new_algo_001_init_20260627\formal\co2_resume_20260628\co2_Tm10_Tm20_COM35_r1\p001_Tm10_0ppm_fit,D:\gas_calibrator\_worktrees\v1_5_fixed_wait_window_gate_1aee26d_clean\_handoff\new_algo_001_init_20260627\formal\co2_resume_20260628\co2_Tm10_Tm20_COM35_r1\p001_Tm10_0ppm_fit\formal_open_flow_data_quality_by_analyzer.csv,5,faca236acb533f3996fe99c6ac23341e3e11726104581b91a670bdf186467045,True,[],True,review_only_would_write_preview,False,False,False,False,True,False,46e594a742e48f8618c74ab06d2dda251f83904cf2f61231fa13c76a30e05772
p2_catalog_point,co2,p002_Tm10_400ppm_fit,D:\gas_calibrator\_worktrees\v1_5_fixed_wait_window_gate_1aee26d_clean\_handoff\new_algo_001_init_20260627\formal\co2_resume_20260628\co2_Tm10_Tm20_COM35_r1\p002_Tm10_400ppm_fit,D:\gas_calibrator\_worktrees\v1_5_fixed_wait_window_gate_1aee26d_clean\_handoff\new_algo_001_init_20260627\formal\co2_resume_20260628\co2_Tm10_Tm20_COM35_r1\p002_Tm10_400ppm_fit\formal_open_flow_data_quality_by_analyzer.csv,5,bd7db705825fc1ff5c3dd87065ff3363485c2633345770711c8903eeb9674af9,True,[],True,review_only_would_write_preview,False,False,False,False,True,False,46e594a742e48f8618c74ab06d2dda251f83904cf2f61231fa13c76a30e05772
p2_catalog_point,co2,p003_Tm10_1000ppm_fit,D:\gas_calibrator\_worktrees\v1_5_fixed_wait_window_gate_1aee26d_clean\_handoff\new_algo_001_init_20260627\formal\co2_resume_20260628\co2_Tm10_Tm20_COM35_r1\p003_Tm10_1000ppm_fit,D:\gas_calibrator\_worktrees\v1_5_fixed_wait_window_gate_1aee26d_clean\_handoff\new_algo_001_init_20260627\formal\co2_resume_20260628\co2_Tm10_Tm20_COM35_r1\p003_Tm10_1000ppm_fit\formal_open_flow_data_quality_by_analyzer.csv,5,e2ef69fc5b92f6fe4d4165e88f5026e898a8e953e699f1c3cd2de7aca86cb194,True,[],True,review_only_would_write_preview,False,False,False,False,True,False,46e594a742e48f8618c74ab06d2dda251f83904cf2f61231fa13c76a30e05772
p2_catalog_point,co2,p004_Tm20_0ppm_fit,D:\gas_calibrator\_worktrees\v1_5_fixed_wait_window_gate_1aee26d_clean\_handoff\new_algo_001_init_20260627\formal\co2_resume_20260628\co2_Tm10_Tm20_COM35_r1\p004_Tm20_0ppm_fit,D:\gas_calibrator\_worktrees\v1_5_fixed_wait_window_gate_1aee26d_clean\_handoff\new_algo_001_init_20260627\formal\co2_resume_20260628\co2_Tm10_Tm20_COM35_r1\p004_Tm20_0ppm_fit\formal_open_flow_data_quality_by_analyzer.csv,5,1155f5534b0dd9ab0b14de6c878ebb6d484b632dbdd1b4e6ba080760d96e3430,True,[],True,review_only_would_write_preview,False,False,False,False,True,False,46e594a742e48f8618c74ab06d2dda251f83904cf2f61231fa13c76a30e05772
p2_catalog_point,co2,p005_Tm20_400ppm_fit,D:\gas_calibrator\_worktrees\v1_5_fixed_wait_window_gate_1aee26d_clean\_handoff\new_algo_001_init_20260627\formal\co2_resume_20260628\co2_Tm10_Tm20_COM35_r1\p005_Tm20_400ppm_fit,D:\gas_calibrator\_worktrees\v1_5_fixed_wait_window_gate_1aee26d_clean\_handoff\new_algo_001_init_20260627\formal\co2_resume_20260628\co2_Tm10_Tm20_COM35_r1\p005_Tm20_400ppm_fit\formal_open_flow_data_quality_by_analyzer.csv,5,559d6a7f439721a9b3c9850a5632eac06350d28de197befb0675a938f8998f28,True,[],True,review_only_would_write_preview,False,False,False,False,True,False,46e594a742e48f8618c74ab06d2dda251f83904cf2f61231fa13c76a30e05772
p1_same_lineage_retry_reference,co2,p006_Tm20_1000ppm_fit_retry1,D:\gas_calibrator\_worktrees\v1_5_fixed_wait_window_gate_1aee26d_clean\_handoff\new_algo_001_init_20260627\formal\co2_resume_20260628\co2_Tm10_Tm20_COM35_r1\p006_Tm20_1000ppm_fit_retry1,D:\gas_calibrator\_worktrees\v1_5_fixed_wait_window_gate_1aee26d_clean\_handoff\new_algo_001_init_20260627\formal\co2_resume_20260628\co2_Tm10_Tm20_COM35_r1\p006_Tm20_1000ppm_fit_retry1\formal_open_flow_data_quality_by_analyzer.csv,5,ca4aa8d4fd5698188d9b4affe09a4e4bf19f68418ccf783e02523d1eba4b1947,True,[],True,review_only_would_write_preview,False,False,False,False,True,False,46e594a742e48f8618c74ab06d2dda251f83904cf2f61231fa13c76a30e05772
p2_catalog_point,h2o,p001_T0_HG0C_50RH_h2o,D:\gas_calibrator\_worktrees\v1_5_fixed_wait_window_gate_1aee26d_clean\_handoff\new_algo_001_init_20260627\formal\h2o_open_flow_0620_mature_20260628_live1\p001_T0_HG0C_50RH_h2o,D:\gas_calibrator\_worktrees\v1_5_fixed_wait_window_gate_1aee26d_clean\_handoff\new_algo_001_init_20260627\formal\h2o_open_flow_0620_mature_20260628_live1\p001_T0_HG0C_50RH_h2o\formal_open_flow_data_quality_by_analyzer.csv,7,0707195b3e3dc7335ea0679f1f5541d58bbaa38c3a18021fc197c25828afc06f,True,[],True,review_only_would_write_preview,False,False,False,False,True,False,46e594a742e48f8618c74ab06d2dda251f83904cf2f61231fa13c76a30e05772
p2_catalog_point,h2o,p002_T10_HG10C_30RH_h2o,D:\gas_calibrator\_worktrees\v1_5_fixed_wait_window_gate_1aee26d_clean\_handoff\new_algo_001_init_20260627\formal\h2o_open_flow_0620_mature_20260628_live1\p002_T10_HG10C_30RH_h2o,D:\gas_calibrator\_worktrees\v1_5_fixed_wait_window_gate_1aee26d_clean\_handoff\new_algo_001_init_20260627\formal\h2o_open_flow_0620_mature_20260628_live1\p002_T10_HG10C_30RH_h2o\formal_open_flow_data_quality_by_analyzer.csv,7,9d4276f9596bd3f215abe8db9af5609133d98d61648f623c6fc39e430d886ffd,True,[],True,review_only_would_write_preview,False,False,False,False,True,False,46e594a742e48f8618c74ab06d2dda251f83904cf2f61231fa13c76a30e05772
p2_catalog_point,h2o,p003_T10_HG10C_50RH_h2o,D:\gas_calibrator\_worktrees\v1_5_fixed_wait_window_gate_1aee26d_clean\_handoff\new_algo_001_init_20260627\formal\h2o_open_flow_0620_mature_20260628_live1\p003_T10_HG10C_50RH_h2o,D:\gas_calibrator\_worktrees\v1_5_fixed_wait_window_gate_1aee26d_clean\_handoff\new_algo_001_init_20260627\formal\h2o_open_flow_0620_mature_20260628_live1\p003_T10_HG10C_50RH_h2o\formal_open_flow_data_quality_by_analyzer.csv,7,8ef49cfb4dd9ad412ae8af2372a7c346f0fb96f1142dfcca89edf455e5410cb8,True,[],True,review_only_would_write_preview,False,False,False,False,True,False,46e594a742e48f8618c74ab06d2dda251f83904cf2f61231fa13c76a30e05772
p2_catalog_point,h2o,p004_T10_HG10C_70RH_h2o,D:\gas_calibrator\_worktrees\v1_5_fixed_wait_window_gate_1aee26d_clean\_handoff\new_algo_001_init_20260627\formal\h2o_open_flow_0620_mature_20260628_live1\p004_T10_HG10C_70RH_h2o,D:\gas_calibrator\_worktrees\v1_5_fixed_wait_window_gate_1aee26d_clean\_handoff\new_algo_001_init_20260627\formal\h2o_open_flow_0620_mature_20260628_live1\p004_T10_HG10C_70RH_h2o\formal_open_flow_data_quality_by_analyzer.csv,7,dee885f990429a55d43f31ac5a21812ac09dc0f9debea8c3c31c7dda3850d7c9,True,[],True,review_only_would_write_preview,False,False,False,False,True,False,46e594a742e48f8618c74ab06d2dda251f83904cf2f61231fa13c76a30e05772
p2_catalog_point,h2o,p005_T20_HG20C_30RH_h2o,D:\gas_calibrator\_worktrees\v1_5_fixed_wait_window_gate_1aee26d_clean\_handoff\new_algo_001_init_20260627\formal\h2o_open_flow_0620_mature_20260628_live1\p005_T20_HG20C_30RH_h2o,D:\gas_calibrator\_worktrees\v1_5_fixed_wait_window_gate_1aee26d_clean\_handoff\new_algo_001_init_20260627\formal\h2o_open_flow_0620_mature_20260628_live1\p005_T20_HG20C_30RH_h2o\formal_open_flow_data_quality_by_analyzer.csv,7,029496b7d3059d58ff46c92f4be9c6605bfc27e9e1a752277837c027f6b4d443,True,[],True,review_only_would_write_preview,False,False,False,False,True,False,46e594a742e48f8618c74ab06d2dda251f83904cf2f61231fa13c76a30e05772
p2_catalog_point,h2o,p006_T20_HG20C_50RH_h2o,D:\gas_calibrator\_worktrees\v1_5_fixed_wait_window_gate_1aee26d_clean\_handoff\new_algo_001_init_20260627\formal\h2o_open_flow_0620_mature_20260628_live1\p006_T20_HG20C_50RH_h2o,D:\gas_calibrator\_worktrees\v1_5_fixed_wait_window_gate_1aee26d_clean\_handoff\new_algo_001_init_20260627\formal\h2o_open_flow_0620_mature_20260628_live1\p006_T20_HG20C_50RH_h2o\formal_open_flow_data_quality_by_analyzer.csv,7,0842db143cfe7a0d7c034a7e523ffbeb1459e9c0896a008c0b4b0a6c6dbb6a43,True,[],True,review_only_would_write_preview,False,False,False,False,True,False,46e594a742e48f8618c74ab06d2dda251f83904cf2f61231fa13c76a30e05772
p2_catalog_point,h2o,p007_T20_HG20C_70RH_h2o,D:\gas_calibrator\_worktrees\v1_5_fixed_wait_window_gate_1aee26d_clean\_handoff\new_algo_001_init_20260627\formal\h2o_open_flow_0620_mature_20260628_live1\p007_T20_HG20C_70RH_h2o,D:\gas_calibrator\_worktrees\v1_5_fixed_wait_window_gate_1aee26d_clean\_handoff\new_algo_001_init_20260627\formal\h2o_open_flow_0620_mature_20260628_live1\p007_T20_HG20C_70RH_h2o\formal_open_flow_data_quality_by_analyzer.csv,7,1a648f17feb59e5af77f021817dc897fe66e27d6681e635fecb92add1da6e19c,True,[],True,review_only_would_write_preview,False,False,False,False,True,False,46e594a742e48f8618c74ab06d2dda251f83904cf2f61231fa13c76a30e05772
p2_catalog_point,h2o,p008_T30_HG20C_30RH_h2o,D:\gas_calibrator\_worktrees\v1_5_fixed_wait_window_gate_1aee26d_clean\_handoff\new_algo_001_init_20260627\formal\h2o_open_flow_0620_mature_20260628_live1\p008_T30_HG20C_30RH_h2o,D:\gas_calibrator\_worktrees\v1_5_fixed_wait_window_gate_1aee26d_clean\_handoff\new_algo_001_init_20260627\formal\h2o_open_flow_0620_mature_20260628_live1\p008_T30_HG20C_30RH_h2o\formal_open_flow_data_quality_by_analyzer.csv,7,01f4eaeeef330302a47bf91a8337d617f436a6ebffeea5438a920985d51be85e,True,[],True,review_only_would_write_preview,False,False,False,False,True,False,46e594a742e48f8618c74ab06d2dda251f83904cf2f61231fa13c76a30e05772
p2_catalog_point,h2o,p009_T30_HG20C_50RH_h2o,D:\gas_calibrator\_worktrees\v1_5_fixed_wait_window_gate_1aee26d_clean\_handoff\new_algo_001_init_20260627\formal\h2o_open_flow_0620_mature_20260628_live1\p009_T30_HG20C_50RH_h2o,D:\gas_calibrator\_worktrees\v1_5_fixed_wait_window_gate_1aee26d_clean\_handoff\new_algo_001_init_20260627\formal\h2o_open_flow_0620_mature_20260628_live1\p009_T30_HG20C_50RH_h2o\formal_open_flow_data_quality_by_analyzer.csv,7,7a1e738aa72c182b8caa6ebc594bd0b506761fc01283cec8605f9b5d2360ef11,True,[],True,review_only_would_write_preview,False,False,False,False,True,False,46e594a742e48f8618c74ab06d2dda251f83904cf2f61231fa13c76a30e05772
p2_catalog_point,h2o,p010_T30_HG20C_70RH_h2o,D:\gas_calibrator\_worktrees\v1_5_fixed_wait_window_gate_1aee26d_clean\_handoff\new_algo_001_init_20260627\formal\h2o_open_flow_0620_mature_20260628_live1\p010_T30_HG20C_70RH_h2o,D:\gas_calibrator\_worktrees\v1_5_fixed_wait_window_gate_1aee26d_clean\_handoff\new_algo_001_init_20260627\formal\h2o_open_flow_0620_mature_20260628_live1\p010_T30_HG20C_70RH_h2o\formal_open_flow_data_quality_by_analyzer.csv,7,c424ece30819b458715f44f2a8c4e286de0f46086e9a8d8cd529d6eb06bab716,True,[],True,review_only_would_write_preview,False,False,False,False,True,False,46e594a742e48f8618c74ab06d2dda251f83904cf2f61231fa13c76a30e05772
p2_catalog_point,h2o,p011_T30_HG20C_90RH_h2o,D:\gas_calibrator\_worktrees\v1_5_fixed_wait_window_gate_1aee26d_clean\_handoff\new_algo_001_init_20260627\formal\h2o_open_flow_0620_mature_20260628_live1\p011_T30_HG20C_90RH_h2o,D:\gas_calibrator\_worktrees\v1_5_fixed_wait_window_gate_1aee26d_clean\_handoff\new_algo_001_init_20260627\formal\h2o_open_flow_0620_mature_20260628_live1\p011_T30_HG20C_90RH_h2o\formal_open_flow_data_quality_by_analyzer.csv,7,dec5688e6e59aa95307311500b0efa7488c226c0db9869e892d7b476a058ce00,True,[],True,review_only_would_write_preview,False,False,False,False,True,False,46e594a742e48f8618c74ab06d2dda251f83904cf2f61231fa13c76a30e05772
p2_catalog_point,h2o,p012_T40_HG30C_50RH_h2o,D:\gas_calibrator\_worktrees\v1_5_fixed_wait_window_gate_1aee26d_clean\_handoff\new_algo_001_init_20260627\formal\h2o_open_flow_0620_mature_20260628_live1\p012_T40_HG30C_50RH_h2o,D:\gas_calibrator\_worktrees\v1_5_fixed_wait_window_gate_1aee26d_clean\_handoff\new_algo_001_init_20260627\formal\h2o_open_flow_0620_mature_20260628_live1\p012_T40_HG30C_50RH_h2o\formal_open_flow_data_quality_by_analyzer.csv,7,15a4f550343b83010854f06b35fe43f59ce32c06f7c44adfc9394750be1cfaa9,True,[],True,review_only_would_write_preview,False,False,False,False,True,False,46e594a742e48f8618c74ab06d2dda251f83904cf2f61231fa13c76a30e05772
p2_catalog_point,h2o,p013_T40_HG30C_70RH_h2o,D:\gas_calibrator\_worktrees\v1_5_fixed_wait_window_gate_1aee26d_clean\_handoff\new_algo_001_init_20260627\formal\h2o_open_flow_0620_mature_20260628_live1\p013_T40_HG30C_70RH_h2o,D:\gas_calibrator\_worktrees\v1_5_fixed_wait_window_gate_1aee26d_clean\_handoff\new_algo_001_init_20260627\formal\h2o_open_flow_0620_mature_20260628_live1\p013_T40_HG30C_70RH_h2o\formal_open_flow_data_quality_by_analyzer.csv,7,839764d8d97df41bddffec27a9fa29f8048b8ff0fb9f1b11415923b62c814ab7,True,[],True,review_only_would_write_preview,False,False,False,False,True,False,46e594a742e48f8618c74ab06d2dda251f83904cf2f61231fa13c76a30e05772
p2_catalog_point,h2o,h2o_post_senco24_reverify_T20_HG20C_30RH_retry1,D:\gas_calibrator\_worktrees\v1_5_fixed_wait_window_gate_1aee26d_clean\_handoff\new_algo_001_init_20260627\formal\h2o_reverify_001_COM35_20260628\h2o_post_senco24_reverify_T20_HG20C_30RH_retry1,D:\gas_calibrator\_worktrees\v1_5_fixed_wait_window_gate_1aee26d_clean\_handoff\new_algo_001_init_20260627\formal\h2o_reverify_001_COM35_20260628\h2o_post_senco24_reverify_T20_HG20C_30RH_retry1\formal_open_flow_data_quality_by_analyzer.csv,7,06a3c2d2f2b2e8525f3d7a0a8e769b0cc82430f7740a1a0657d25bdf27ca62ea,True,[],True,review_only_would_write_preview,False,False,False,False,True,False,46e594a742e48f8618c74ab06d2dda251f83904cf2f61231fa13c76a30e05772
