order,stage_id,title,evidence_status,effective_status,blocker_codes,evidence_roles,observed,physical_meaning,next_action
1,initialization_identity_runtime,初始化、身份、GETCO 与 runtime closeout,hold,hold,active_device_count=0_outside_1_to_6;active_device_count_not_1_to_6;one_or_more_device_closeout_rows_not_ready;pressure_s9_evidence_missing;readonly_com_executor_evidence_missing;route_readiness_evidence_missing,batch_initialization_closeout,overall_status=review_required; device_count=0,"A replay batch must bind 1-6 analyzers to SN/device_code, protocol ID, GETCO1-9, and neutral runtime state.",Bind a concrete historical or future batch initialization closeout artifact; do not infer identity from route files.
2,pressure_s9_readiness,压力/S9 no-write、写入读回与复验,hold,blocked_by_previous_stage,active_pressure_s9_device_count=0_outside_1_to_6;one_or_more_devices_missing_no_write_fit_basis;one_or_more_devices_missing_post_write_pressure_reverify;one_or_more_devices_missing_senco9_readback;pressure_device_count_not_1_to_6,pressure_s9_readiness,overall_status=review_required; device_count=0,Pressure must be traceable before gas or water fitting so S1-S4 do not absorb pressure bias.,"Bind per-device mature pressure evidence, including any explicit linear-S9 exception and post-write reverify."
3,mature_route_readiness,0613/0620/0621 成熟入口与连续 route 根,hold,blocked_by_previous_stage,no_complete_continuous_mature_route_root,production_entrypoint_gate;mature_route_contract;historical_mature_root_discovery,entrypoint=pass; mature_contract=pass; root_discovery=blocked_no_complete_mature_root; complete_roots=0,The queue and point-internal route contract may pass while the historical evidence still lacks one continuous mature run root.,Keep the mature runners unchanged; bind one fresh continuous queue root rather than promoting segmented or recovery evidence.
4,legacy_co2_45,旧算法成熟 CO2 45 点,hold,blocked_by_previous_stage,co2_component_qc_missing=102;co2_composite_not_continuous_route_attestation;co2_historical_fit_not_allowed,legacy_evidence_catalog;mature_route_contract,accepted_composite_members=45; co2_points=145; missing_component_qc=102,A 45-point accepted composite can support diagnosis but cannot prove that one continuous mature queue completed.,Use one continuous 45-point mature queue for production; keep the historical composite diagnostic-only.
5,legacy_h2o_13,旧算法成熟 H2O 13 湿点,hold,blocked_by_previous_stage,h2o_component_qc_missing=36;h2o_historical_fit_not_allowed;legacy_h2o_continuous_13_point_root_missing,legacy_evidence_catalog;historical_mature_root_discovery;mature_route_contract,cataloged_h2o_points=36; missing_component_qc=36; complete_mature_roots=0,"Segmented wet points are not equivalent to one mature 13-point H2O queue, and CO2 zero gas is not an interchangeable H2O dry-gas anchor.",Bind one continuous mature 13-point H2O root with component-matched QC and separately traceable dry-gas anchor evidence.
6,component_qc_and_0613_fit_review,component-QC 与 0613 多策略 no-write 拟合,hold,blocked_by_previous_stage,catalog_not_fit_eligible;production_fit_input_not_eligible,legacy_evidence_catalog;production_component_qc_fit_matrix;component_qc_writer_design;historical_replay_contract,catalog_fit_allowed=False; component_qc_evaluator_available=True; strategy_matrix_available=True; evaluated_qc_rows=460; fit_ready_strategies=0,"Fitting must consume per-analyzer physical QC and the 0613 strategy rules, not merely all available points.","Bind a continuous mature 45/13 route root and separate H2O dry-gas anchor evidence, then rerun the now-available no-write matrix."
7,controlled_write_readback,系数受控写入与 GETCO 读回,hold,blocked_by_previous_stage,post_run_write_package=not_attempted,formal_run_status,post_run_write_package=not_attempted,"Calculation, authorization, old-value snapshot, write, and readback are separate evidence events.",Close the unified S1-S9/SENCOA-B controlled-write bundle without treating a successful write as a successful validation.
8,post_write_short_reverify,写后独立短复验,hold,blocked_by_previous_stage,controlled_write_and_reverification=not_attempted,formal_run_status,controlled_write_and_reverification=not_attempted,Readback proves stored bytes; independent reverify proves the physical calibration result.,Bind component-specific short reverify evidence after every authorized write before archive closure.
9,archive_release_postgresql18,归档、release 与 PostgreSQL 18 受控入库,hold,blocked_by_previous_stage,formal_archive_database_release=missing;postgresql18_database_import_allowed=false;postgresql18_execution_supported=false;postgresql18_real_import_execution_allowed=false,formal_run_status;postgresql18_import_design,archive_gate=missing; db_execution_supported=False; database_import_allowed=False,"Database import is the last transaction after traceable archive release, never a side effect of route, fitting, replay, or coefficient writing.","Implement the controlled PostgreSQL 18 transaction only after archive, identity, readback, and reverify evidence close."
